Unnamed: 0,school,sex,age,address,famsize,Pstatus,Medu,Fedu,Mjob,Fjob,reason,guardian,traveltime,studytime,failures,schoolsup,famsup,paid,activities,nursery,higher,internet,romantic,famrel,freetime,goout,Dalc,Walc,health,absences,G1,G2,G3,grade_8,grade_9,grade_10,grade_8_score,grade_9_score,grade_10_score
0,GP,F,18,U,GT3,A,4,4,at_home,teacher,course,mother,2,2,0,yes,no,no,no,yes,yes,no,no,4,3,4,1,1,3,6,5,6,6,C,C,C,63.417188608334534,55.17455192159704,52.00329829644082
1,GP,F,17,U,GT3,T,1,1,at_home,other,course,father,1,2,0,no,yes,no,no,no,yes,yes,no,5,3,3,1,1,3,4,5,5,6,D,D,D,42.596274730943,40.86566642568922,47.21744550923929
2,GP,F,15,U,LE3,T,1,1,at_home,other,other,mother,1,2,3,yes,no,yes,no,yes,yes,yes,no,4,3,2,2,3,3,10,7,8,10,D,D,D,42.93656005492915,46.16258345800826,45.67215320202962
3,GP,F,15,U,GT3,T,4,2,health,services,home,mother,1,3,0,no,yes,yes,yes,yes,yes,yes,yes,3,2,2,1,1,5,2,15,14,15,A,B,B,80.56604238295556,76.44188805143025,75.78783412551685
4,GP,F,16,U,GT3,T,3,3,other,other,home,father,1,2,0,no,yes,yes,no,yes,yes,no,no,4,3,2,1,2,5,4,6,10,10,C,C,C,61.156552047062625,61.46756810781789,56.784329167882234
5,GP,M,16,U,LE3,T,4,3,services,other,reputation,mother,1,2,0,no,yes,yes,yes,yes,yes,yes,no,5,4,2,1,2,5,10,15,15,15,B,B,B,74.39449631730447,69.29098339208869,75.09451422623592
6,GP,M,16,U,LE3,T,2,2,other,other,home,mother,1,2,0,no,no,no,no,yes,yes,yes,no,4,4,4,1,1,3,0,12,12,11,C,C,C,61.74803203876848,57.00124995409246,61.44066726921502
7,GP,F,17,U,GT3,A,4,4,other,teacher,home,mother,2,2,0,yes,yes,no,no,yes,yes,no,no,4,1,4,1,1,1,6,6,5,6,B,C,C,66.41899004868873,58.423390625242824,54.63112201380087
8,GP,M,15,U,LE3,A,3,2,services,other,home,mother,1,2,0,no,yes,yes,no,yes,yes,yes,no,4,2,2,1,1,1,0,16,18,19,B,B,A,73.27631403516263,75.2689611875295,80.41747756419569
9,GP,M,15,U,GT3,T,3,4,other,other,home,mother,1,2,0,no,yes,yes,yes,yes,yes,yes,no,5,5,1,1,1,5,0,14,15,15,B,B,B,76.5439001089649,71.72486905704152,73.79463420924361
10,GP,F,15,U,GT3,T,4,4,teacher,health,reputation,mother,1,2,0,no,yes,yes,no,yes,yes,yes,no,3,3,3,1,2,2,0,10,8,9,B,C,C,66.91645576796884,64.045699864695,61.157425708964
11,GP,F,15,U,GT3,T,2,1,services,other,reputation,father,3,3,0,no,yes,no,yes,yes,yes,yes,no,5,2,2,1,1,4,4,10,12,12,C,C,B,60.57761109994533,62.48169462510579,67.00684688616856
12,GP,M,15,U,LE3,T,4,4,health,services,course,father,1,1,0,no,yes,yes,yes,yes,yes,yes,no,4,3,3,1,3,5,2,14,14,14,B,B,B,72.47587342085058,66.3362087718929,67.4721381546588
13,GP,M,15,U,GT3,T,4,3,teacher,other,course,mother,2,2,0,no,yes,yes,no,yes,yes,yes,no,5,4,3,1,2,3,2,10,10,11,C,C,C,62.662767130290995,64.03655900535928,62.009544056189746
14,GP,M,15,U,GT3,A,2,2,other,other,home,other,1,3,0,no,yes,no,no,yes,yes,yes,yes,4,5,2,1,1,3,0,14,16,16,B,B,B,67.81270541871741,75.7788776681175,78.09825565885153
15,GP,F,16,U,GT3,T,4,4,health,other,home,mother,1,1,0,no,yes,no,no,yes,yes,yes,no,4,4,4,1,2,2,4,14,14,14,B,B,B,70.33621666076854,67.91516524004875,66.69215579329166
16,GP,F,16,U,GT3,T,4,4,services,services,reputation,mother,1,3,0,no,yes,yes,yes,yes,yes,yes,no,3,2,3,1,2,2,6,13,14,14,B,B,B,78.64332542497039,76.11361904213071,76.69207162519251
17,GP,F,16,U,GT3,T,3,3,other,other,reputation,mother,3,2,0,yes,yes,no,yes,yes,yes,no,no,5,3,2,1,1,4,4,8,10,10,B,C,C,65.90255381535916,59.42370714239972,61.43779104599941
18,GP,M,17,U,GT3,T,3,2,services,services,course,mother,1,1,3,no,yes,no,yes,yes,yes,yes,no,5,5,5,2,4,5,16,6,5,5,D,D,D,37.26018174668084,38.39809557928089,35.25729010233878
19,GP,M,16,U,LE3,T,4,3,health,other,home,father,1,1,0,no,no,yes,yes,yes,yes,yes,no,3,1,3,1,3,5,4,8,10,10,C,C,C,54.711176230532736,53.78156350783015,51.43900302516537
20,GP,M,15,U,GT3,T,4,3,teacher,other,reputation,mother,1,2,0,no,no,no,no,yes,yes,yes,no,4,4,1,1,1,1,0,13,14,15,B,B,B,75.30162192230388,67.42802692688689,69.46969253375796
21,GP,M,15,U,GT3,T,4,4,health,health,other,father,1,1,0,no,yes,yes,no,yes,yes,yes,no,5,4,2,1,1,5,0,12,15,15,B,B,B,71.87305924878366,70.35230395104504,67.46540341258874
22,GP,M,16,U,LE3,T,4,2,teacher,other,course,mother,1,2,0,no,no,no,yes,yes,yes,yes,no,4,5,1,1,3,5,2,15,15,16,B,B,B,70.7397882536553,69.6523170105212,74.24842381577791
23,GP,M,16,U,LE3,T,2,2,other,other,reputation,mother,2,2,0,no,yes,no,yes,yes,yes,yes,no,5,4,4,2,4,5,0,13,13,12,C,B,B,58.48812953446636,65.05859436812766,66.79483216476736
24,GP,F,15,R,GT3,T,2,4,services,health,course,mother,1,3,0,yes,yes,yes,yes,yes,yes,yes,no,4,3,2,1,1,5,2,10,9,8,B,B,B,67.74751093062252,67.70600470475571,67.25072379845027
25,GP,F,16,U,GT3,T,2,2,services,services,home,mother,1,1,2,no,yes,yes,no,no,yes,yes,no,1,2,2,1,3,5,14,6,9,8,D,D,D,43.61158066782305,45.66827004331236,40.19235836517573
26,GP,M,15,U,GT3,T,2,2,other,other,home,mother,1,1,0,no,yes,yes,no,yes,yes,yes,no,4,2,2,1,2,5,2,12,12,11,C,C,C,52.293483798379725,57.8316494268219,59.2285323880512
27,GP,M,15,U,GT3,T,4,2,health,services,other,mother,1,1,0,no,no,yes,no,yes,yes,yes,no,2,2,4,2,4,1,4,15,16,15,B,C,B,66.29368052973514,62.44400718691282,68.11536017192978
28,GP,M,16,U,LE3,A,3,4,services,other,home,mother,1,2,0,yes,yes,no,yes,yes,yes,yes,no,5,3,3,1,1,5,4,11,11,11,B,B,B,69.36533875907396,69.31007738577969,66.65433996240776
29,GP,M,16,U,GT3,T,4,4,teacher,teacher,home,mother,1,2,0,no,yes,yes,yes,yes,yes,yes,yes,4,4,5,5,5,5,16,10,12,11,B,B,B,70.16350756100067,67.45849383465416,65.47187647657653
30,GP,M,15,U,GT3,T,4,4,health,services,home,mother,1,2,0,no,yes,yes,no,no,yes,yes,no,5,4,2,3,4,5,0,9,11,12,B,B,C,70.07073346942651,69.5372631150647,63.97406732484944
31,GP,M,15,U,GT3,T,4,4,services,services,reputation,mother,2,2,0,no,yes,no,yes,yes,yes,yes,no,4,3,1,1,1,5,0,17,16,17,A,B,A,86.26819546127233,76.37015307883979,81.23902116027837
32,GP,M,15,R,GT3,T,4,3,teacher,at_home,course,mother,1,2,0,no,yes,no,yes,yes,yes,yes,yes,4,5,2,1,1,5,0,17,16,16,B,B,A,77.77875693815517,76.99710291999688,80.94834718542887
33,GP,M,15,U,LE3,T,3,3,other,other,course,mother,1,2,0,no,no,no,yes,no,yes,yes,no,5,3,2,1,1,2,0,8,10,12,C,C,C,59.13072267761025,61.46684897369918,58.95574215934051
34,GP,M,16,U,GT3,T,3,2,other,other,home,mother,1,1,0,no,yes,yes,no,no,yes,yes,no,5,4,3,1,1,5,0,12,14,15,C,C,C,64.50636228025797,57.40752102715377,64.70674621789884
35,GP,F,15,U,GT3,T,2,3,other,other,other,father,2,1,0,no,yes,no,yes,yes,yes,no,no,3,5,1,1,1,5,0,8,7,6,D,D,D,47.06039087507244,44.458482974668456,49.93007671567655
36,GP,M,15,U,LE3,T,4,3,teacher,services,home,mother,1,3,0,no,yes,no,yes,yes,yes,yes,no,5,4,3,1,1,4,2,15,16,18,A,B,A,83.73062672944738,78.26750338641529,85.44731520784337
37,GP,M,16,R,GT3,A,4,4,other,teacher,reputation,mother,2,3,0,no,yes,no,yes,yes,yes,yes,yes,2,4,3,1,1,5,7,15,16,15,B,A,B,79.01171178707474,80.95957342788508,79.4885594216357
38,GP,F,15,R,GT3,T,3,4,services,health,course,mother,1,3,0,yes,yes,yes,yes,yes,yes,yes,no,4,3,2,1,1,5,2,12,12,11,B,B,B,73.72550261968941,76.38105225352741,72.57267676360352
39,GP,F,15,R,GT3,T,2,2,at_home,other,reputation,mother,1,1,0,yes,yes,yes,yes,yes,yes,no,no,4,3,1,1,1,2,8,14,13,13,C,C,C,60.66352405741475,62.73858507193399,64.51415104369849
40,GP,F,16,U,LE3,T,2,2,other,other,home,mother,2,2,1,no,yes,no,yes,no,yes,yes,yes,3,3,3,1,2,3,25,7,10,11,C,C,C,54.87076322418208,53.085286335033096,51.957786599039984
41,GP,M,15,U,LE3,T,4,4,teacher,other,home,other,1,1,0,no,yes,no,no,no,yes,yes,yes,5,4,3,2,4,5,8,12,12,12,B,B,C,68.41229167071687,65.49110205888452,60.43385003726295
42,GP,M,15,U,GT3,T,4,4,services,teacher,course,father,1,2,0,no,yes,no,yes,yes,yes,yes,no,4,3,3,1,1,5,2,19,18,18,A,B,A,84.01934703596488,78.61076482550571,81.44674583911922
43,GP,M,15,U,GT3,T,2,2,services,services,course,father,1,1,0,yes,yes,no,no,yes,yes,yes,no,5,4,1,1,1,1,0,8,8,11,C,D,C,52.847240761026775,48.74323512128969,54.34830365234381
44,GP,F,16,U,LE3,T,2,2,other,at_home,course,father,2,2,1,yes,no,no,yes,yes,yes,yes,no,4,3,3,2,2,5,14,10,10,9,D,C,C,49.950469217629816,53.43567879575515,54.743671593651015
45,GP,F,15,U,LE3,A,4,3,other,other,course,mother,1,2,0,yes,yes,yes,yes,yes,yes,yes,yes,5,2,2,1,1,5,8,8,8,6,C,C,C,62.15926044675516,60.27700186562055,57.03815005579403
46,GP,F,16,U,LE3,A,3,3,other,services,home,mother,1,2,0,no,yes,no,no,yes,yes,yes,no,2,3,5,1,4,3,12,11,12,11,C,C,B,64.18670952421344,63.11041695542472,65.91849267470499
47,GP,M,16,U,GT3,T,4,3,health,services,reputation,mother,1,4,0,no,no,no,yes,yes,yes,yes,no,4,2,2,1,1,2,4,19,19,20,A,A,A,93.20974104941826,87.53205128379123,91.03338291738643
48,GP,M,15,U,GT3,T,4,2,teacher,other,home,mother,1,2,0,no,yes,yes,no,yes,yes,no,no,4,3,3,2,2,5,2,15,15,14,B,B,B,72.53001346585664,70.14272766290992,74.0544405869622
49,GP,F,15,U,GT3,T,4,4,services,teacher,other,father,1,2,1,yes,yes,no,yes,no,yes,yes,no,4,4,4,1,1,3,2,7,7,7,C,C,C,60.46336735352865,56.51202874092578,54.00697372290905
50,GP,F,16,U,LE3,T,2,2,services,services,course,mother,3,2,0,no,yes,yes,no,yes,yes,yes,no,4,3,3,2,3,4,2,12,13,13,C,C,B,62.993677665422474,64.21031283959556,66.62876142476867
51,GP,F,15,U,LE3,T,4,2,health,other,other,mother,1,2,0,no,yes,yes,no,yes,yes,yes,no,4,3,3,1,1,5,2,11,13,13,B,B,B,67.0332620408947,66.85416423412919,68.34018622749721
52,GP,M,15,U,LE3,A,4,2,health,health,other,father,2,1,1,no,no,no,no,yes,yes,no,no,5,5,5,3,4,5,6,11,11,10,C,D,C,52.970598225041556,49.183143653151745,50.04978793539849
53,GP,F,15,U,GT3,T,4,4,services,services,course,mother,1,1,0,yes,yes,yes,no,yes,yes,yes,no,3,3,4,2,3,5,0,8,10,11,B,C,C,68.85419072210217,60.02226616532661,60.32361461927608
54,GP,F,15,U,LE3,A,3,3,other,other,other,mother,1,1,0,no,no,yes,no,yes,yes,yes,no,5,3,4,4,4,1,6,10,13,13,C,C,C,62.377902032046336,54.49447618202855,59.10854928006152
55,GP,F,16,U,GT3,A,2,1,other,other,other,mother,1,2,0,no,no,yes,yes,yes,yes,yes,yes,5,3,4,1,1,2,8,8,9,10,C,C,C,52.199571265532434,50.78351277319559,54.80050485300147
56,GP,F,15,U,GT3,A,4,3,services,services,reputation,mother,1,2,0,no,yes,yes,yes,yes,yes,yes,no,4,3,2,1,1,1,0,14,15,15,B,B,B,73.0894561919434,74.53528464100248,74.18375296586173
57,GP,M,15,U,GT3,T,4,4,teacher,health,reputation,mother,1,2,0,no,yes,no,yes,yes,yes,no,no,3,2,2,1,1,5,4,14,15,15,B,B,B,77.28140454424293,72.27048339119989,77.71386418836096
58,GP,M,15,U,LE3,T,1,2,other,at_home,home,father,1,2,0,yes,yes,no,yes,yes,yes,yes,no,4,3,2,1,1,5,2,9,10,9,C,C,C,56.4366263204444,57.70406077297118,59.12134701287034
59,GP,F,16,U,GT3,T,4,2,services,other,course,mother,1,2,0,no,yes,no,no,yes,yes,yes,no,4,2,3,1,1,5,2,15,16,16,B,B,B,76.12233055974139,71.56045250519061,74.65646155674459
60,GP,F,16,R,GT3,T,4,4,health,teacher,other,mother,1,2,0,no,yes,no,yes,yes,yes,no,no,2,4,4,2,3,4,6,10,11,11,B,C,C,69.72746763119322,64.52715756128177,62.92416017810479
61,GP,F,16,U,GT3,T,1,1,services,services,course,father,4,1,0,yes,yes,no,yes,no,yes,yes,yes,5,5,5,5,5,5,6,10,8,11,D,D,C,47.37375578414691,48.79884250589734,54.150655289001556
62,GP,F,16,U,LE3,T,1,2,other,services,reputation,father,1,2,0,yes,no,no,yes,yes,yes,yes,no,4,4,3,1,1,1,4,8,10,9,D,C,C,49.77609804885589,51.49645083903222,55.824833287534844
63,GP,F,16,U,GT3,T,4,3,teacher,health,home,mother,1,3,0,yes,yes,yes,yes,yes,yes,yes,no,3,4,4,2,4,4,2,10,9,9,B,B,B,69.9429511817338,69.13866913124113,69.11148178590864
64,GP,F,15,U,LE3,T,4,3,services,services,reputation,father,1,2,0,yes,no,no,yes,yes,yes,yes,yes,4,4,4,2,4,2,0,10,10,10,B,C,C,68.90631455598549,60.7292442148223,64.00575637198479
65,GP,F,16,U,LE3,T,4,3,teacher,services,course,mother,3,2,0,no,yes,no,yes,yes,yes,yes,no,5,4,3,1,2,1,2,16,15,15,B,B,B,79.32406781336255,77.42541800776827,73.9718375486231
66,GP,M,15,U,GT3,A,4,4,other,services,reputation,mother,1,4,0,no,yes,no,yes,no,yes,yes,yes,1,3,3,5,5,3,4,13,13,12,A,A,B,84.11191017992016,82.51246258781443,77.40738061883827
67,GP,F,16,U,GT3,T,3,1,services,other,course,mother,1,4,0,yes,yes,yes,no,yes,yes,yes,no,4,3,3,1,2,5,4,7,7,6,B,C,C,66.30076772860103,64.0424844678858,64.36303731307423
68,GP,F,15,R,LE3,T,2,2,health,services,reputation,mother,2,2,0,yes,yes,yes,no,yes,yes,yes,no,4,1,3,1,3,4,2,8,9,8,C,C,C,57.88755780455457,56.99892756340393,57.37462242282586
69,GP,F,15,R,LE3,T,3,1,other,other,reputation,father,2,4,0,no,yes,no,no,no,yes,yes,no,4,4,2,2,3,3,12,16,16,16,B,A,A,75.61300706510009,81.00115035223124,84.91713966211714
70,GP,M,16,U,GT3,T,3,1,other,other,reputation,father,2,4,0,no,yes,yes,no,yes,yes,yes,no,4,3,2,1,1,5,0,13,15,15,B,B,A,76.27848901377104,78.55806080093356,81.55438453127695
71,GP,M,15,U,GT3,T,4,2,other,other,course,mother,1,4,0,no,no,no,no,yes,yes,yes,no,3,3,3,1,1,3,0,10,10,10,B,B,B,75.09509141616492,72.47833340008685,66.47638382750415
72,GP,F,15,R,GT3,T,1,1,other,other,reputation,mother,1,2,2,yes,yes,no,no,no,yes,yes,yes,3,3,4,2,4,5,2,8,6,5,D,D,D,42.206402644160605,45.335983162030104,47.64921479124241
73,GP,M,16,U,GT3,T,3,1,other,other,reputation,mother,1,1,0,no,no,no,yes,yes,yes,no,no,5,3,2,2,2,5,2,12,12,14,C,C,C,58.682576881470496,53.15996544671442,62.021773498890596
74,GP,F,16,U,GT3,T,3,3,other,services,home,mother,1,2,0,yes,yes,yes,yes,yes,yes,yes,no,4,3,3,2,4,5,54,11,12,11,C,C,C,58.5792662720337,61.81449255096871,61.56065567395085
75,GP,M,15,U,GT3,T,4,3,teacher,other,home,mother,1,2,0,no,yes,yes,yes,yes,yes,yes,no,4,3,3,2,3,5,6,9,9,10,B,C,C,67.49265948674451,60.98779983150317,59.27731862783796
76,GP,M,15,U,GT3,T,4,0,teacher,other,course,mother,2,4,0,no,no,no,yes,yes,yes,yes,no,3,4,3,1,1,1,8,11,11,10,B,C,B,65.75148863833736,63.58002863827077,68.7406260430766
77,GP,F,16,U,GT3,T,2,2,other,other,reputation,mother,1,4,0,no,no,yes,no,yes,yes,yes,yes,5,2,3,1,3,3,0,11,11,11,B,B,B,66.00248162383534,66.46961787560289,70.50168518498053
78,GP,M,17,U,GT3,T,2,1,other,other,home,mother,2,1,3,yes,yes,no,yes,yes,no,yes,no,4,5,1,1,1,3,2,8,8,10,D,D,D,43.12536968327424,45.32971627682454,45.69077339825656
79,GP,F,16,U,GT3,T,3,4,at_home,other,course,mother,1,2,0,no,yes,no,no,yes,yes,yes,no,2,4,3,1,2,3,12,5,5,5,C,C,C,52.38188416511067,55.64074187861547,51.3580487436334
80,GP,M,15,U,GT3,T,2,3,other,services,course,father,1,1,0,yes,yes,yes,yes,no,yes,yes,yes,3,2,2,1,3,3,2,10,12,12,C,C,C,60.07178802234171,57.99789566282273,61.43753614800624
81,GP,M,15,U,GT3,T,2,3,other,other,home,mother,1,3,0,yes,no,yes,no,no,yes,yes,no,5,3,2,1,2,5,4,11,10,11,B,B,B,67.39721691265034,67.82004940998249,65.70846811168694
82,GP,F,15,U,LE3,T,3,2,services,other,reputation,mother,1,2,0,no,yes,yes,no,yes,yes,yes,no,4,4,4,1,1,5,10,7,6,6,C,C,D,57.11207382153121,51.852339018764496,48.32080610421477
83,GP,M,15,U,LE3,T,2,2,services,services,home,mother,2,2,0,no,no,yes,yes,yes,yes,yes,no,5,3,3,1,3,4,4,15,15,15,C,B,B,62.19625993818685,70.89969710078145,68.55951891858174
84,GP,F,15,U,GT3,T,1,1,other,other,home,father,1,2,0,no,yes,no,yes,no,yes,yes,no,4,3,2,2,3,4,2,9,10,10,D,C,C,48.66223373470252,55.36011756480464,57.903266529936616
85,GP,F,15,U,GT3,T,4,4,services,services,reputation,father,2,2,2,no,no,yes,no,yes,yes,yes,yes,4,4,4,2,3,5,6,7,9,8,C,C,C,58.03351061684511,53.557068042844925,51.42570776301862
86,GP,F,16,U,LE3,T,2,2,at_home,other,course,mother,1,2,0,no,yes,no,no,yes,yes,no,no,4,3,4,1,2,2,4,8,7,6,C,D,C,54.01794077812615,49.03085460267012,51.00449702994037
87,GP,F,15,U,GT3,T,4,2,other,other,reputation,mother,1,3,0,no,yes,no,yes,yes,yes,yes,no,5,3,3,1,3,1,4,13,14,14,B,B,B,75.87631325802019,71.52904284335582,75.61659590595298
88,GP,M,16,U,GT3,T,2,2,services,other,reputation,father,2,2,1,no,no,yes,yes,no,yes,yes,no,4,4,2,1,1,3,12,11,10,10,C,C,C,51.088905942195304,52.88273372334735,54.06810759137474
89,GP,M,16,U,LE3,A,4,4,teacher,health,reputation,mother,1,2,0,no,yes,no,no,yes,yes,no,no,4,1,3,3,5,5,18,8,6,7,C,C,C,64.69687826020275,56.12600818685074,54.984202813397935
90,GP,F,16,U,GT3,T,3,3,other,other,home,mother,1,3,0,no,yes,yes,no,yes,yes,yes,yes,4,3,3,1,3,4,0,7,7,8,C,C,C,64.4426938733701,59.45549258080465,63.54039863881043
91,GP,F,15,U,GT3,T,4,3,services,other,reputation,mother,1,1,0,no,no,yes,yes,yes,yes,yes,no,4,5,5,1,3,1,4,16,17,18,B,B,B,74.05104796020319,67.12378971538593,71.10961081911414
92,GP,F,16,U,LE3,T,3,1,other,other,home,father,1,2,0,yes,yes,no,no,yes,yes,no,no,3,3,3,2,3,2,4,7,6,6,C,C,C,51.424302749177585,50.07883947664218,52.04675481471729
93,GP,F,16,U,GT3,T,4,2,teacher,services,home,mother,2,2,0,no,yes,yes,yes,yes,yes,yes,no,5,3,3,1,1,1,0,11,10,10,C,B,C,63.36834463350558,65.12428327014513,63.441241315603605
94,GP,M,15,U,LE3,T,2,2,services,health,reputation,mother,1,4,0,no,yes,no,yes,yes,yes,yes,no,4,3,4,1,1,4,6,11,13,14,B,B,B,71.20763284297605,77.17618273970535,77.7567082021814
95,GP,F,15,R,GT3,T,1,1,at_home,other,home,mother,2,4,1,yes,yes,yes,yes,yes,yes,yes,no,3,1,2,1,1,1,2,7,10,10,C,C,B,56.39968037160519,64.85502245930225,68.97301797785136
96,GP,M,16,R,GT3,T,4,3,services,other,reputation,mother,2,1,0,yes,yes,no,yes,no,yes,yes,no,3,3,3,1,1,4,2,11,15,15,B,B,B,71.98626843459692,70.20585601971554,70.07884926723625
97,GP,F,16,U,GT3,T,2,1,other,other,course,mother,1,2,0,no,yes,yes,no,yes,yes,no,yes,4,3,5,1,1,5,2,8,9,10,C,C,C,53.41110592238521,53.95070435723072,56.53901885306672
98,GP,F,16,U,GT3,T,4,4,other,other,reputation,mother,1,1,0,no,no,no,yes,no,yes,yes,no,5,3,4,1,2,1,6,11,14,14,B,C,C,67.8131868674126,60.64033482314993,63.4948532137804
99,GP,F,16,U,GT3,T,4,3,other,at_home,course,mother,1,3,0,yes,yes,yes,no,yes,yes,yes,no,5,3,5,1,1,3,0,7,9,8,B,B,B,70.46353216656213,71.12124815453932,66.28805537087436
100,GP,M,16,U,GT3,T,4,4,services,services,other,mother,1,1,0,yes,yes,yes,yes,yes,yes,yes,no,4,5,5,5,5,4,14,7,7,5,C,C,C,56.408347338422345,53.82459428091771,50.52642219652723
101,GP,M,16,U,GT3,T,4,4,services,teacher,other,father,1,3,0,no,yes,no,yes,yes,yes,yes,yes,4,4,3,1,1,4,0,16,17,17,A,A,A,85.7608866930866,82.6755076913471,85.13591104666095
102,GP,M,15,U,GT3,T,4,4,services,other,course,mother,1,1,0,no,yes,no,yes,no,yes,yes,no,5,3,3,1,1,5,4,10,13,14,B,C,B,68.52264919255404,63.41125812770375,65.38092601287835
103,GP,F,15,U,GT3,T,3,2,services,other,home,mother,2,2,0,yes,yes,yes,no,yes,yes,yes,no,4,3,5,1,1,2,26,7,6,6,C,C,C,52.87938747210724,50.94634413839177,53.26738424588356
104,GP,M,15,U,GT3,A,3,4,services,other,course,mother,1,2,0,no,yes,yes,yes,yes,yes,yes,no,5,4,4,1,1,1,0,16,18,18,B,B,A,79.59678572083497,75.35940053807133,82.69823848655629
105,GP,F,15,U,GT3,A,3,3,other,health,reputation,father,1,4,0,yes,no,no,no,yes,yes,no,no,4,3,3,1,1,4,10,10,11,11,B,B,B,75.42746585171378,76.45719380474071,73.23784977762102
106,GP,F,15,U,GT3,T,2,2,other,other,course,mother,1,4,0,yes,yes,yes,no,yes,yes,yes,no,5,1,2,1,1,3,8,7,8,8,B,B,B,70.26183572076826,71.3027042486822,65.93615083651396
107,GP,M,16,U,GT3,T,3,3,services,other,home,father,1,3,0,no,yes,no,yes,yes,yes,yes,no,5,3,3,1,1,5,2,16,18,18,A,B,A,82.18241227401508,79.5738325942972,85.0480275188973
108,GP,M,15,R,GT3,T,4,4,other,other,home,father,4,4,0,no,yes,yes,yes,yes,yes,yes,yes,1,3,5,3,5,1,6,10,13,13,A,A,B,84.19427920261336,82.73884169918759,79.41863441750448
109,GP,F,16,U,LE3,T,4,4,health,health,other,mother,1,3,0,no,yes,yes,yes,yes,yes,yes,yes,5,4,5,1,1,4,4,14,15,16,A,B,B,83.56832069445555,79.9906503456273,78.80551047201376
110,GP,M,15,U,LE3,A,4,4,teacher,teacher,course,mother,1,1,0,no,no,no,yes,yes,yes,yes,no,5,5,3,1,1,4,6,18,19,19,B,B,B,72.62847518755885,72.38865245827705,76.91188093105129
111,GP,F,16,R,GT3,T,3,3,services,other,reputation,father,1,3,1,yes,yes,no,yes,yes,yes,yes,no,4,1,2,1,1,2,0,7,10,10,B,B,C,67.62121531137696,65.06521215152226,63.28499178150896
112,GP,F,16,U,GT3,T,2,2,at_home,other,home,mother,1,2,1,yes,no,no,yes,yes,yes,yes,no,3,1,2,1,1,5,6,10,13,13,C,C,C,58.95097875065902,57.63492168644682,62.15198820214416
113,GP,M,15,U,LE3,T,4,2,teacher,other,course,mother,1,1,0,no,no,no,no,yes,yes,yes,no,3,5,2,1,1,3,10,18,19,19,B,B,B,77.07544399089063,69.45188196556708,76.68246274014751
114,GP,M,15,R,GT3,T,2,1,health,services,reputation,mother,1,2,0,no,no,no,yes,yes,yes,yes,yes,5,4,2,1,1,5,8,9,9,9,D,D,C,49.12796855578913,48.94697073491986,53.973476559019105
115,GP,M,16,U,GT3,T,4,4,teacher,teacher,course,father,1,2,0,no,yes,no,yes,yes,yes,yes,no,5,4,4,1,2,5,2,15,15,16,A,B,B,80.07483609776952,76.21188139349516,75.89761181148154
116,GP,M,15,U,GT3,T,4,4,other,teacher,reputation,father,2,2,0,no,yes,no,yes,yes,yes,no,no,4,4,3,1,1,2,2,11,13,14,B,B,B,74.85918831767238,70.5704915230372,67.53817277777743
117,GP,M,16,U,GT3,T,3,3,other,services,home,father,2,1,0,no,no,no,yes,yes,yes,yes,no,5,4,2,1,1,5,0,13,14,13,C,C,C,59.19080490595117,58.72210390626718,63.244380349040824
118,GP,M,17,R,GT3,T,1,3,other,other,course,father,3,2,1,no,yes,no,yes,yes,yes,yes,no,5,2,4,1,4,5,20,9,7,8,C,D,C,53.141734455642386,47.944550095271644,50.99779616418473
119,GP,M,15,U,GT3,T,3,4,other,other,reputation,father,1,1,0,no,no,no,no,yes,yes,yes,no,3,4,3,1,2,4,6,14,13,13,B,C,B,66.55523580752339,59.33436056466979,65.22875305270013
120,GP,F,15,U,GT3,T,1,2,at_home,services,course,mother,1,2,0,no,no,no,no,no,yes,yes,no,3,2,3,1,2,1,2,16,15,15,C,B,B,62.911047609543104,65.006750193587,69.36628963681781
121,GP,M,15,U,GT3,T,2,2,services,services,home,father,1,4,0,no,yes,yes,yes,yes,yes,yes,no,5,5,4,1,2,5,6,16,14,15,B,A,A,73.41443458881959,80.41473760105521,82.06259645923784
122,GP,F,16,U,LE3,T,2,4,other,health,course,father,2,2,0,no,yes,yes,yes,yes,yes,yes,yes,4,2,2,1,2,5,2,13,13,13,B,B,B,72.37795351927574,65.16585725233838,68.95203251481344
123,GP,M,16,U,GT3,T,4,4,health,other,course,mother,1,1,0,no,yes,no,yes,yes,yes,yes,no,3,4,4,1,4,5,18,14,11,13,C,C,C,64.79658202043866,62.88737428827781,64.69279282287101
124,GP,F,16,U,GT3,T,2,2,other,other,home,mother,1,2,0,no,no,yes,no,yes,yes,yes,yes,5,4,4,1,1,5,0,8,7,8,C,C,C,52.35464273450067,51.802774246743574,51.48205670141957
125,GP,M,15,U,GT3,T,3,4,services,services,home,father,1,1,0,yes,no,no,no,yes,yes,yes,no,5,5,5,3,2,5,0,13,13,12,B,C,C,71.90113906452495,58.73618943775726,63.79353228865551
126,GP,F,15,U,LE3,A,3,4,other,other,home,mother,1,2,0,yes,no,no,yes,yes,yes,yes,yes,5,3,2,1,1,1,0,7,10,11,C,C,C,63.78615918717328,63.511720384759876,61.91184476457481
127,GP,F,19,U,GT3,T,0,1,at_home,other,course,other,1,2,3,no,yes,no,no,no,no,no,no,3,4,2,1,1,5,2,7,8,9,D,D,D,36.59272341792855,39.97072022404379,44.60787067398185
128,GP,M,18,R,GT3,T,2,2,services,other,reputation,mother,1,1,2,no,yes,no,yes,yes,yes,yes,no,3,3,3,1,2,4,0,7,4,0,D,F,F,36.261628412719105,34.19119733718632,31.205349578174207
129,GP,M,16,R,GT3,T,4,4,teacher,teacher,course,mother,1,1,0,no,no,yes,yes,yes,yes,yes,no,3,5,5,2,5,4,8,18,18,18,B,B,B,74.72518183245144,70.2073526546569,74.6029629463367
130,GP,F,15,R,GT3,T,3,4,services,teacher,course,father,2,3,2,no,yes,no,no,yes,yes,yes,yes,4,2,2,2,2,5,0,12,0,0,C,D,D,51.24834142233467,47.265235798670965,44.98544762478966
131,GP,F,15,U,GT3,T,1,1,at_home,other,course,mother,3,1,0,no,yes,no,yes,no,yes,yes,yes,4,3,3,1,2,4,0,8,0,0,F,F,F,32.42140743701507,28.244915124233675,32.21022705088341
132,GP,F,17,U,LE3,T,2,2,other,other,course,father,1,1,0,no,yes,no,no,yes,yes,yes,yes,3,4,4,1,3,5,12,10,13,12,C,C,C,52.30754716729764,54.27197634493567,58.79219644670419
133,GP,F,16,U,GT3,A,3,4,services,other,course,father,1,1,0,no,no,no,no,yes,yes,yes,no,3,2,1,1,4,5,16,12,11,11,C,C,C,61.71422301207183,56.36218693892683,55.073474691569736
134,GP,M,15,R,GT3,T,3,4,at_home,teacher,course,mother,4,2,0,no,yes,no,no,yes,yes,no,yes,5,3,3,1,1,5,0,9,0,0,C,D,D,51.01393941441549,45.816366749791186,44.292569943387264
135,GP,F,15,U,GT3,T,4,4,services,at_home,course,mother,1,3,0,no,yes,no,yes,yes,yes,yes,yes,4,3,3,1,1,5,0,11,0,0,B,C,D,66.18733601254385,58.02718491755475,47.09021964282434
136,GP,M,17,R,GT3,T,3,4,at_home,other,course,mother,3,2,0,no,no,no,no,yes,yes,no,no,5,4,5,2,4,5,0,10,0,0,D,D,D,49.291866769159405,42.30195987546208,39.78661722909262
137,GP,F,16,U,GT3,A,3,3,other,other,course,other,2,1,2,no,yes,no,yes,no,yes,yes,yes,4,3,2,1,1,5,0,4,0,0,D,F,F,37.69484620948581,32.36784040270537,28.31581781259678
138,GP,M,16,U,LE3,T,1,1,services,other,course,mother,1,2,1,no,no,no,no,yes,yes,no,yes,4,4,4,1,3,5,0,14,12,12,C,C,C,52.908793043424176,51.577967600475084,61.84828604385151
139,GP,F,15,U,GT3,T,4,4,teacher,teacher,course,mother,2,1,0,no,no,no,yes,yes,yes,yes,no,4,3,2,1,1,5,0,16,16,15,B,B,B,69.2228392089151,66.14632778439568,68.90137460839051
140,GP,M,15,U,GT3,T,4,3,teacher,services,course,father,2,4,0,yes,yes,no,no,yes,yes,yes,no,2,2,2,1,1,3,0,7,9,0,B,B,C,71.01864983651032,68.01979734263284,60.792200709960206
141,GP,M,16,U,LE3,T,2,2,services,services,reputation,father,2,1,2,no,yes,no,yes,yes,yes,yes,no,2,3,3,2,2,2,8,9,9,9,D,D,D,49.001727853448,42.51304423717403,48.63356356115013
142,GP,F,15,U,GT3,T,4,4,teacher,services,course,mother,1,3,0,no,yes,yes,yes,yes,yes,yes,no,4,2,2,1,1,5,2,9,11,11,B,B,B,71.72725965553242,71.35185665347583,66.40593613862295
143,GP,F,16,U,LE3,T,1,1,at_home,at_home,course,mother,1,1,0,no,no,no,no,yes,yes,yes,no,3,4,4,3,3,1,2,14,14,13,C,C,C,50.38255238826625,54.08355336036437,56.77974805431719
144,GP,M,17,U,GT3,T,2,1,other,other,home,mother,1,1,3,no,yes,no,no,yes,yes,yes,no,5,4,5,1,2,5,0,5,0,0,F,F,F,27.96220698562106,23.971216260953703,24.16002167508
145,GP,F,15,U,GT3,T,1,1,other,services,course,father,1,2,0,no,yes,yes,no,yes,yes,yes,no,4,4,2,1,2,5,0,8,11,11,C,C,C,53.64205717944328,55.921384224130286,58.621918663471085
146,GP,F,15,U,GT3,T,3,2,health,services,home,father,1,2,3,no,yes,no,no,yes,yes,yes,no,3,3,2,1,1,3,0,6,7,0,D,D,F,40.19512322280479,38.265586290684766,34.96815077430393
147,GP,F,15,U,GT3,T,1,2,at_home,other,course,mother,1,2,0,no,yes,yes,no,no,yes,yes,no,4,3,2,1,1,5,2,10,11,11,C,C,C,52.2573262092248,58.05557609776605,62.14049166019634
148,GP,M,16,U,GT3,T,4,4,teacher,teacher,course,mother,1,1,0,no,yes,no,no,yes,no,yes,yes,3,3,2,2,1,5,0,7,6,0,C,D,D,55.54235391404224,49.333137241315804,42.4907010706568
149,GP,M,15,U,LE3,A,2,1,services,other,course,mother,4,1,3,no,no,no,no,yes,yes,yes,no,4,5,5,2,5,5,0,8,9,10,D,F,D,39.37996168308297,33.48171099974542,39.903882053894904
150,GP,M,18,U,LE3,T,1,1,other,other,course,mother,1,1,3,no,no,no,no,yes,no,yes,yes,2,3,5,2,5,4,0,6,5,0,F,F,F,25.813732125864693,23.156209489059048,23.454543401993657
151,GP,M,16,U,LE3,T,2,1,at_home,other,course,mother,1,1,1,no,no,no,yes,yes,yes,no,yes,4,4,4,3,5,5,6,12,13,14,C,C,C,50.6165237495489,51.69204748016753,57.54255696016215
152,GP,F,15,R,GT3,T,3,3,services,services,reputation,other,2,3,2,no,yes,yes,yes,yes,yes,yes,yes,4,2,1,2,3,3,8,10,10,10,C,C,C,62.03380916379571,62.07778019565595,60.53712972392724
153,GP,M,19,U,GT3,T,3,2,services,at_home,home,mother,1,1,3,no,yes,no,no,yes,no,yes,yes,4,5,4,1,1,4,0,5,0,0,F,F,F,34.14313424290251,29.617291746742616,24.601236204330927
154,GP,F,17,U,GT3,T,4,4,other,teacher,course,mother,1,1,0,yes,yes,no,no,yes,yes,no,yes,4,2,1,1,1,4,0,11,11,12,B,C,B,70.6826811832467,62.84202962656837,66.2699554940715
155,GP,M,15,R,GT3,T,2,3,at_home,services,course,mother,1,2,0,yes,no,yes,yes,yes,yes,no,no,4,4,4,1,1,1,2,11,8,8,C,C,C,56.52258919686957,56.919147316881286,55.722829839758084
156,GP,M,17,R,LE3,T,1,2,other,other,reputation,mother,1,1,0,no,no,no,no,yes,yes,no,no,2,2,2,3,3,5,8,16,12,13,C,C,C,56.97330724560383,52.84751649695777,57.39854020060214
157,GP,F,18,R,GT3,T,1,1,at_home,other,course,mother,3,1,3,no,yes,no,yes,no,yes,no,no,5,2,5,1,5,4,6,9,8,10,D,D,D,38.63498552808592,40.79846734912607,40.82100886292007
158,GP,M,16,R,GT3,T,2,2,at_home,other,course,mother,3,1,0,no,no,no,no,no,yes,no,no,4,2,2,1,2,3,2,17,15,15,C,C,B,56.51770899892887,60.12980942853791,66.00957796471407
159,GP,M,16,U,GT3,T,3,3,other,services,course,father,1,2,1,no,yes,yes,no,yes,yes,yes,yes,4,5,5,4,4,5,4,10,12,12,B,C,C,65.50831950545555,62.41714080802137,62.02092315247866
160,GP,M,17,R,LE3,T,2,1,at_home,other,course,mother,2,1,2,no,no,no,yes,yes,no,yes,yes,3,3,2,2,2,5,0,7,6,0,F,F,F,29.175795824431695,29.251246067755066,30.138145913215507
161,GP,M,15,R,GT3,T,3,2,other,other,course,mother,2,2,2,yes,yes,no,no,yes,yes,yes,yes,4,4,4,1,4,3,6,5,9,7,C,C,C,55.305614735162585,50.412690777661474,50.13695406251339
162,GP,M,16,U,LE3,T,1,2,other,other,course,mother,2,1,1,no,no,no,yes,yes,yes,no,no,4,4,4,2,4,5,0,7,0,0,F,F,F,33.08398894751851,27.259883624360757,26.372690863714332
163,GP,M,17,U,GT3,T,1,3,at_home,services,course,father,1,1,0,no,no,no,no,yes,no,yes,no,5,3,3,1,4,2,2,10,10,10,D,D,C,47.81926194605621,49.40987202669208,54.493603895357204
164,GP,M,17,R,LE3,T,1,1,other,services,course,mother,4,2,3,no,no,no,yes,yes,no,no,yes,5,3,5,1,5,5,0,5,8,7,D,D,D,38.8959403231108,37.35803103835948,39.251773232411146
165,GP,M,16,U,GT3,T,3,2,services,services,course,mother,2,1,1,no,yes,no,yes,no,no,no,no,4,5,2,1,1,2,16,12,11,12,C,C,C,56.26219425282512,53.7222916492767,57.04959966136069
166,GP,M,16,U,GT3,T,2,2,other,other,course,father,1,2,0,no,no,no,no,yes,no,yes,no,4,3,5,2,4,4,4,10,10,10,C,C,C,56.79708588385719,58.89273708116185,57.67000199806118
167,GP,F,16,U,GT3,T,4,2,health,services,home,father,1,2,0,no,no,yes,no,yes,yes,yes,yes,4,2,3,1,1,3,0,14,15,16,B,B,B,75.00448245663488,70.79224940686338,72.31012982873068
168,GP,F,16,U,GT3,T,2,2,other,other,home,mother,1,2,0,no,yes,yes,no,no,yes,yes,no,5,1,5,1,1,4,0,6,7,0,D,D,D,46.299029709992816,44.747952935664316,45.729650920348305
169,GP,F,16,U,GT3,T,4,4,health,health,reputation,mother,1,2,0,no,yes,yes,no,yes,yes,yes,yes,4,4,2,1,1,3,0,14,14,14,B,B,B,75.11565958910627,75.40242784432789,73.17156284002597
170,GP,M,16,U,GT3,T,3,4,other,other,course,father,3,1,2,no,yes,no,yes,no,yes,yes,no,3,4,5,2,4,2,0,6,5,0,D,D,F,43.33871392593619,38.0588492539569,34.964084139801315
171,GP,M,16,U,GT3,T,1,0,other,other,reputation,mother,2,2,0,no,yes,yes,yes,yes,yes,yes,yes,4,3,2,1,1,3,2,13,15,16,C,C,B,54.5314420295219,57.46971867157978,72.19668578444596
172,GP,M,17,U,LE3,T,4,4,teacher,other,reputation,mother,1,2,0,no,yes,yes,yes,yes,yes,yes,no,4,4,4,1,3,5,0,13,11,10,B,B,B,71.73224572646474,65.18382737816519,65.5447817545522
173,GP,F,16,U,GT3,T,1,3,at_home,services,home,mother,1,2,3,no,no,no,yes,no,yes,yes,yes,4,3,5,1,1,3,0,8,7,0,D,F,D,39.3903799370416,33.40841615794829,35.68850563638277
174,GP,F,16,U,LE3,T,3,3,other,other,reputation,mother,2,2,0,no,yes,yes,yes,yes,yes,yes,no,4,4,5,1,1,4,4,10,11,9,C,C,C,64.09616248219601,60.18890851578835,60.64631043706378
175,GP,M,17,U,LE3,T,4,3,teacher,other,course,mother,2,2,0,no,no,yes,yes,yes,yes,yes,no,4,4,4,4,4,4,4,10,9,9,C,C,C,64.87239360646103,58.90377224225007,59.31608980166883
176,GP,F,16,U,GT3,T,2,2,services,other,reputation,mother,2,2,0,no,no,yes,yes,no,yes,yes,no,3,4,4,1,4,5,2,13,13,11,C,C,C,58.753472471630246,62.62384236648606,61.81336853615841
177,GP,M,17,U,GT3,T,3,3,other,other,reputation,father,1,2,0,no,no,no,yes,no,yes,yes,no,4,3,4,1,4,4,4,6,5,6,C,C,C,57.013270676764265,50.4457902313993,50.23232462786085
178,GP,M,16,R,GT3,T,4,2,teacher,services,other,mother,1,1,0,no,yes,no,yes,yes,yes,yes,yes,4,3,3,3,4,3,10,10,8,9,C,C,C,55.51819662658254,51.716637652059696,52.579548020270046
179,GP,M,17,U,GT3,T,4,3,other,other,course,mother,1,2,0,no,yes,no,yes,yes,yes,yes,yes,5,2,3,1,1,2,4,10,10,11,B,B,C,74.11735840034501,65.32574664623795,60.38475132531755
180,GP,M,16,U,GT3,T,4,3,teacher,other,home,mother,1,2,0,no,yes,yes,yes,yes,yes,yes,no,3,4,3,2,3,3,10,9,8,8,C,C,C,64.73150707908994,54.55756809166165,56.831941568602744
181,GP,M,16,U,GT3,T,3,3,services,other,home,mother,1,2,0,no,no,yes,yes,yes,yes,yes,yes,4,2,3,1,2,3,2,12,13,12,C,C,C,63.09057385089478,63.79219685815262,63.43137950303499
182,GP,F,17,U,GT3,T,2,4,services,services,reputation,father,1,2,0,no,yes,no,yes,yes,yes,no,no,5,4,2,2,3,5,0,16,17,17,B,B,B,72.88526875484722,76.29173038777394,79.38596532348309
183,GP,F,17,U,LE3,T,3,3,other,other,reputation,mother,1,2,0,no,yes,no,yes,yes,yes,yes,yes,5,3,3,2,3,1,56,9,9,8,C,C,C,58.893277812301505,51.879924282633866,51.95385972997115
184,GP,F,16,U,GT3,T,3,2,other,other,reputation,mother,1,2,0,no,yes,yes,no,yes,yes,yes,no,1,2,2,1,2,1,14,12,13,12,C,B,C,63.275617230233756,65.45928227996225,64.62642377490901
185,GP,M,17,U,GT3,T,3,3,services,services,other,mother,1,2,0,no,yes,no,yes,yes,yes,yes,yes,4,3,4,2,3,4,12,12,12,11,B,C,C,67.56080768684313,64.35279926660174,61.383430839065575
186,GP,M,16,U,GT3,T,1,2,services,services,other,mother,1,1,0,no,yes,yes,yes,yes,yes,yes,yes,3,3,3,1,2,3,2,11,12,11,C,C,C,52.79156180336935,51.11539191413389,56.8994975103737
187,GP,M,16,U,LE3,T,2,1,other,other,course,mother,1,2,0,no,no,yes,yes,yes,yes,yes,yes,4,2,3,1,2,5,0,15,15,15,C,C,B,60.442927718357815,64.39056373221257,65.73918101005657
188,GP,F,17,U,GT3,A,3,3,health,other,reputation,mother,1,2,0,no,yes,no,no,no,yes,yes,yes,3,3,3,1,3,3,6,8,7,9,C,C,C,57.83341893063544,61.50428894141525,53.48301673251335
189,GP,M,17,R,GT3,T,1,2,at_home,other,home,mother,1,2,0,no,no,no,no,yes,yes,no,no,3,1,3,1,5,3,4,8,9,10,D,C,C,46.34231742215631,51.530667993987954,55.54653596271107
190,GP,F,16,U,GT3,T,2,3,services,services,course,mother,1,2,0,no,no,no,no,yes,yes,yes,no,4,3,3,1,1,2,10,11,12,13,C,C,C,60.126051329509856,61.02627988227809,63.81848518421281
191,GP,F,17,U,GT3,T,1,1,at_home,services,course,mother,1,2,0,no,no,no,yes,yes,yes,yes,no,5,3,3,1,1,3,0,8,8,9,D,D,C,48.09099698580869,47.13127820091952,52.88818634267745
192,GP,M,17,U,GT3,T,1,2,at_home,services,other,other,2,2,0,no,no,yes,yes,no,yes,yes,no,4,4,4,4,5,5,12,7,8,8,D,D,D,47.698540811938415,46.15111771268332,48.767277720790055
193,GP,M,16,R,GT3,T,3,3,services,services,reputation,mother,1,1,0,no,yes,no,yes,yes,yes,yes,no,4,3,2,3,4,5,8,8,9,10,C,C,C,53.63202402096197,54.444542600830424,53.36526092277628
194,GP,M,16,U,GT3,T,2,3,other,other,home,father,2,1,0,no,no,no,no,yes,yes,yes,no,5,3,3,1,1,3,0,13,14,14,C,C,C,60.120452314627954,56.41283234818226,62.494596191364145
195,GP,F,17,U,LE3,T,2,4,services,services,course,father,1,2,0,no,no,no,yes,yes,yes,yes,yes,4,3,2,1,1,5,0,14,15,15,B,B,B,70.5257934493221,68.39313247443879,68.88745296621119
196,GP,M,17,U,GT3,T,4,4,services,teacher,home,mother,1,1,0,no,no,no,no,yes,yes,yes,no,5,2,3,1,2,5,4,17,15,16,B,B,B,70.35729189336813,66.83662059034073,71.66101143114535
197,GP,M,16,R,LE3,T,3,3,teacher,other,home,father,3,1,0,no,yes,yes,yes,yes,yes,yes,no,3,3,4,3,5,3,8,9,9,10,C,C,C,57.56818373260576,54.24183061923472,55.377871392852754
198,GP,F,17,U,GT3,T,4,4,services,teacher,home,mother,2,1,1,no,yes,no,no,yes,yes,yes,no,4,2,4,2,3,2,24,18,18,18,B,B,B,75.34713469934081,71.6189371137997,72.10403761022324
199,GP,F,16,U,LE3,T,4,4,teacher,teacher,reputation,mother,1,2,0,no,yes,yes,no,yes,yes,yes,no,4,5,2,1,2,3,0,9,9,10,B,B,C,66.09257425542344,65.8750798885158,61.040328758491796
200,GP,F,16,U,GT3,T,4,3,health,other,home,mother,1,2,0,no,yes,no,yes,yes,yes,yes,no,4,3,5,1,5,2,2,16,16,16,B,B,B,78.1404361428062,73.975934944226,77.01553120116864
201,GP,F,16,U,GT3,T,2,3,other,other,reputation,mother,1,2,0,yes,yes,yes,yes,yes,yes,no,no,4,4,3,1,3,4,6,8,10,10,C,C,C,63.26486454172704,59.948153355219716,58.2962686651055
202,GP,F,17,U,GT3,T,1,1,other,other,course,mother,1,2,0,no,yes,yes,no,no,yes,no,no,4,4,4,1,3,1,4,9,9,10,C,C,C,52.64956359180916,50.33440805230635,56.53514790471373
203,GP,F,17,R,GT3,T,2,2,other,other,reputation,mother,1,1,0,no,yes,no,no,yes,yes,yes,no,5,3,2,1,2,3,18,7,6,6,D,D,D,47.41071480750661,41.70012315726713,43.05363653122911
204,GP,F,16,R,GT3,T,2,2,services,services,reputation,mother,2,4,0,no,yes,yes,yes,no,yes,yes,no,5,3,5,1,1,5,6,10,10,11,C,B,B,64.36872980591372,71.16750421189614,68.98144095289956
205,GP,F,17,U,GT3,T,3,4,at_home,services,home,mother,1,3,1,no,yes,yes,no,yes,yes,yes,yes,4,4,3,3,4,5,28,10,9,9,C,B,C,64.16148578730896,65.33252562038749,59.16974741013343
206,GP,F,16,U,GT3,A,3,1,services,other,course,mother,1,2,3,no,yes,yes,no,yes,yes,yes,no,2,3,3,2,2,4,5,7,7,7,D,D,D,46.46500752286036,42.58308870648346,45.76642226339256
207,GP,F,16,U,GT3,T,4,3,teacher,other,other,mother,1,2,0,no,no,yes,yes,yes,yes,yes,yes,1,3,2,1,1,1,10,11,12,13,B,B,C,68.77680358695794,66.01905054988875,64.85104923813708
208,GP,F,16,U,GT3,T,1,1,at_home,other,home,mother,2,1,0,no,yes,yes,no,yes,yes,no,no,4,3,2,1,4,5,6,9,9,10,D,D,C,46.10052244157157,48.624178943416354,50.87710248306774
209,GP,F,17,R,GT3,T,4,3,teacher,other,reputation,mother,2,3,0,no,yes,yes,yes,yes,yes,yes,yes,4,4,2,1,1,4,6,7,7,7,B,C,C,75.86973195244326,63.81477303225386,59.71774513977618
210,GP,F,19,U,GT3,T,3,3,other,other,reputation,other,1,4,0,no,yes,yes,yes,yes,yes,yes,no,4,3,3,1,2,3,10,8,8,8,B,B,B,71.03206498641035,72.85843033479355,67.48881810111557
211,GP,M,17,U,LE3,T,4,4,services,other,home,mother,1,2,0,no,yes,yes,no,yes,yes,yes,yes,5,3,5,4,5,3,13,12,12,13,B,B,B,76.20020442303213,67.41371192437349,68.76867095447668
212,GP,F,16,U,GT3,A,2,2,other,other,reputation,mother,1,2,0,yes,yes,yes,no,yes,yes,yes,no,3,3,4,1,1,4,0,12,13,14,B,C,B,67.89750440873301,63.81069059337716,70.46444555488026
213,GP,M,18,U,GT3,T,2,2,services,other,home,mother,1,2,1,no,yes,yes,yes,yes,yes,yes,no,4,4,4,2,4,5,15,6,7,8,C,D,D,50.92323619278063,45.024817566707576,47.61427225279649
214,GP,F,17,R,LE3,T,4,4,services,other,other,mother,1,1,0,no,yes,yes,no,yes,yes,no,no,5,2,1,1,2,3,12,8,10,10,C,C,C,62.56263334001204,59.96789507459127,56.26507690590426
215,GP,F,17,U,LE3,T,3,2,other,other,reputation,mother,2,2,0,no,no,yes,no,yes,yes,yes,no,4,4,4,1,3,1,2,14,15,15,B,B,B,68.20589079316866,67.5546990546436,70.41818506737994
216,GP,F,17,U,GT3,T,4,3,other,other,reputation,mother,1,2,2,no,no,yes,no,yes,yes,yes,yes,3,4,5,2,4,1,22,6,6,4,D,D,D,48.12358212494639,44.99447581946941,40.82531671176203
217,GP,M,18,U,LE3,T,3,3,services,health,home,father,1,2,1,no,yes,yes,no,yes,yes,yes,no,3,2,4,2,4,4,13,6,6,8,C,C,C,54.46924380573063,52.32122757522029,50.08447813263048
218,GP,F,17,U,GT3,T,2,3,at_home,other,home,father,2,1,0,no,yes,yes,no,yes,yes,no,no,3,3,3,1,4,3,3,7,7,8,D,D,C,49.66804274333047,45.480473518306475,50.44126455684998
219,GP,F,17,U,GT3,T,2,2,at_home,at_home,course,mother,1,3,0,no,yes,yes,yes,yes,yes,yes,no,4,3,3,1,1,4,4,9,10,10,C,B,C,62.00912083233678,67.88343944310462,63.228061161153775
220,GP,F,17,R,GT3,T,2,1,at_home,services,reputation,mother,2,2,0,no,yes,no,yes,yes,yes,yes,no,4,2,5,1,2,5,2,6,6,6,C,D,C,53.03261415861926,47.754410105885945,51.1790480876988
221,GP,F,17,U,GT3,T,1,1,at_home,other,reputation,mother,1,3,1,no,yes,no,yes,yes,yes,no,yes,4,3,4,1,1,5,0,6,5,0,D,D,D,37.51933701852063,44.468789589209784,44.1713994070386
222,GP,F,16,U,GT3,T,2,3,services,teacher,other,mother,1,2,0,yes,no,no,no,yes,yes,yes,no,2,3,1,1,1,3,2,16,16,17,B,B,B,73.41161821787178,73.49750098973287,79.56584829818522
223,GP,M,18,U,GT3,T,2,2,other,other,home,mother,2,2,0,no,yes,yes,no,yes,yes,yes,no,3,3,3,5,5,4,0,12,13,13,C,C,B,58.28071032202587,63.96201846347343,65.84121827286565
224,GP,F,16,U,GT3,T,4,4,teacher,services,home,mother,1,3,0,no,yes,no,yes,no,yes,yes,no,5,3,2,1,1,5,0,13,13,14,B,B,B,79.77017033552642,78.49776804855826,78.60394570474787
225,GP,F,18,R,GT3,T,3,1,other,other,reputation,mother,1,2,1,no,no,no,yes,yes,yes,yes,yes,5,3,3,1,1,4,16,9,8,7,C,D,D,50.67761842790228,45.83679302459324,48.045522089172465
226,GP,F,17,U,GT3,T,3,2,other,other,course,mother,1,2,0,no,no,no,yes,no,yes,yes,no,5,3,4,1,3,3,10,16,15,15,B,B,B,66.82803875741608,67.67277542394942,69.41265794081488
227,GP,M,17,U,LE3,T,2,3,services,services,reputation,father,1,2,0,no,yes,yes,no,no,yes,yes,no,5,3,3,1,3,3,2,12,11,12,C,B,C,60.68910579711223,66.31001673488555,63.85212823816583
228,GP,M,18,U,LE3,T,2,1,at_home,other,course,mother,4,2,0,yes,yes,yes,yes,yes,yes,yes,yes,4,3,2,4,5,3,14,10,8,9,C,C,C,52.25851492039847,57.712614285858336,57.440177962439705
229,GP,F,17,U,GT3,A,2,1,other,other,course,mother,2,3,0,no,no,no,yes,yes,yes,yes,yes,3,2,3,1,2,3,10,12,10,12,C,C,C,60.20383308201412,64.51621196295622,64.90103386583944
230,GP,F,17,U,LE3,T,4,3,health,other,reputation,father,1,2,0,no,no,no,yes,yes,yes,yes,yes,3,2,3,1,2,3,14,13,13,14,B,B,B,67.59585761425555,65.49934284068601,67.45495215678443
231,GP,M,17,R,GT3,T,2,2,other,other,course,father,2,2,0,no,yes,yes,yes,yes,yes,yes,no,4,5,2,1,1,1,4,11,11,11,C,C,C,59.53308195782591,57.262725843353806,61.295363972586756
232,GP,M,17,U,GT3,T,4,4,teacher,teacher,reputation,mother,1,2,0,yes,yes,no,yes,yes,yes,yes,yes,4,5,5,1,3,2,14,11,9,9,B,B,C,70.83570379330791,65.34520035334909,62.50916703633971
233,GP,M,16,U,GT3,T,4,4,health,other,reputation,father,1,2,0,no,yes,yes,yes,yes,yes,yes,no,4,2,4,2,4,1,2,14,13,13,B,B,B,73.92946687292094,71.48241756651288,73.6663625271651
234,GP,M,16,U,LE3,T,1,1,other,other,home,mother,2,2,0,no,yes,yes,no,yes,yes,yes,no,3,4,2,1,1,5,18,9,7,6,C,D,C,50.37356990073266,48.977092714361255,52.542927658376875
235,GP,M,16,U,GT3,T,3,2,at_home,other,reputation,mother,2,3,0,no,no,no,yes,yes,yes,yes,yes,5,3,3,1,3,2,10,11,9,10,C,C,C,63.889636265472454,58.89490945024778,62.66927045074761
236,GP,M,17,U,LE3,T,2,2,other,other,home,father,1,2,0,no,no,yes,yes,no,yes,yes,yes,4,4,2,5,5,4,4,14,13,13,C,C,B,55.366579017226954,64.3010361227922,65.33791919574692
237,GP,F,16,U,GT3,T,2,1,other,other,home,mother,1,1,0,no,no,no,no,yes,yes,yes,yes,4,5,2,1,1,5,20,13,12,12,D,D,C,49.988313206278406,49.76866162219686,55.95961688255051
238,GP,F,17,R,GT3,T,2,1,at_home,services,course,mother,3,2,0,no,no,no,yes,yes,yes,no,no,2,1,1,1,1,3,2,13,11,11,C,C,C,52.716501580014516,55.14220560204065,61.373233948342936
239,GP,M,18,U,GT3,T,2,2,other,services,reputation,father,1,2,1,no,no,no,no,yes,no,yes,no,5,5,4,3,5,2,0,7,7,0,D,D,D,44.73108333699055,39.12579124947966,38.46581115220239
240,GP,M,17,U,LE3,T,4,3,health,other,course,mother,2,2,0,no,no,no,yes,yes,yes,yes,yes,2,5,5,1,4,5,14,12,12,12,C,C,C,64.99047234746664,60.41206084981685,62.784634118596166
241,GP,M,17,R,LE3,A,4,4,teacher,other,course,mother,2,2,0,no,yes,yes,no,yes,yes,yes,no,3,3,3,2,3,4,2,10,11,12,B,B,C,71.59662663826825,68.81730890985932,62.700080878430924
242,GP,M,16,U,LE3,T,4,3,teacher,other,course,mother,1,1,0,no,no,no,yes,no,yes,yes,no,5,4,5,1,1,3,0,6,0,0,D,D,F,45.76246819745114,37.52163593437681,33.72383468390792
243,GP,M,16,U,GT3,T,4,4,services,services,course,mother,1,1,0,no,no,no,yes,yes,yes,yes,no,5,3,2,1,2,5,0,13,12,12,B,C,C,68.60188798542531,58.17007820051789,61.59579390955411
244,GP,F,18,U,GT3,T,2,1,other,other,course,other,2,3,0,no,yes,yes,no,no,yes,yes,yes,4,4,4,1,1,3,0,7,0,0,D,D,D,41.93675898236056,42.78484245587277,43.02522030655094
245,GP,M,16,U,GT3,T,2,1,other,other,course,mother,3,1,0,no,no,no,no,yes,yes,yes,no,4,3,3,1,1,4,6,18,18,18,C,C,B,59.65165013620408,61.8163338272262,73.71985111267699
246,GP,M,17,U,GT3,T,2,3,other,other,course,father,2,1,0,no,no,no,no,yes,yes,yes,no,5,2,2,1,1,2,4,12,12,13,C,C,C,55.879572205968564,58.50497853444975,56.94226548399111
247,GP,M,22,U,GT3,T,3,1,services,services,other,mother,1,1,3,no,no,no,no,no,no,yes,yes,5,4,5,5,5,1,16,6,8,8,D,D,F,36.209418854049595,35.448559232756665,33.67709359366376
248,GP,M,18,R,LE3,T,3,3,other,services,course,mother,1,2,1,no,yes,no,no,yes,yes,yes,yes,4,3,3,1,3,5,8,3,5,5,C,D,D,55.772506568444676,44.47758506150572,44.1485056848292
249,GP,M,16,U,GT3,T,0,2,other,other,other,mother,1,1,0,no,no,yes,no,no,yes,yes,no,4,3,2,2,4,5,0,13,15,15,C,C,C,52.63745427740239,53.508513871828114,64.07064745391823
250,GP,M,18,U,GT3,T,3,2,services,other,course,mother,2,1,1,no,no,no,no,yes,no,yes,no,4,4,5,2,4,5,0,6,8,8,D,D,D,43.347790114162386,42.829552860504656,46.4008915371868
251,GP,M,16,U,GT3,T,3,3,at_home,other,reputation,other,3,2,0,yes,yes,no,no,no,yes,yes,no,5,3,3,1,3,2,6,7,10,10,B,C,C,66.8450580934434,56.46912993992331,60.67054457343853
252,GP,M,18,U,GT3,T,2,1,services,services,other,mother,1,1,1,no,no,no,no,no,no,yes,no,3,2,5,2,5,5,4,6,9,8,D,D,D,45.909825976402544,39.95834575083535,44.77393522864157
253,GP,M,16,R,GT3,T,2,1,other,other,course,mother,2,1,0,no,no,no,yes,no,yes,no,no,3,3,2,1,3,3,0,8,9,8,D,D,D,46.56866315137786,43.113130939582646,47.69223729574894
254,GP,M,17,R,GT3,T,2,1,other,other,course,mother,1,1,0,no,no,no,no,no,yes,yes,no,4,4,2,2,4,5,0,8,12,12,D,C,C,44.82657508511497,50.267412729626834,54.11605905008877
255,GP,M,17,U,LE3,T,1,1,health,other,course,mother,2,1,1,no,yes,no,yes,yes,yes,yes,no,4,4,4,1,2,5,2,7,9,8,D,D,D,39.335382559769855,45.01887993182618,47.15344689547732
256,GP,F,17,U,LE3,T,4,2,teacher,services,reputation,mother,1,4,0,no,yes,yes,yes,yes,yes,yes,no,4,2,3,1,1,4,6,14,12,13,A,A,B,81.60518109877299,81.41603328490196,78.96235528536207
257,GP,M,19,U,LE3,A,4,3,services,at_home,reputation,mother,1,2,0,no,yes,no,no,yes,yes,yes,no,4,3,1,1,1,1,12,11,11,11,B,C,C,66.08163278756595,63.813029070503234,60.978153700007496
258,GP,M,18,U,GT3,T,2,1,other,other,home,mother,1,2,0,no,no,no,yes,yes,yes,yes,no,5,2,4,1,2,4,8,15,14,14,C,C,B,59.905919538107504,58.895819150258596,69.02663848157809
259,GP,F,17,U,LE3,T,2,2,services,services,course,father,1,4,0,no,no,yes,yes,yes,yes,yes,yes,3,4,1,1,1,2,0,10,9,0,C,C,C,59.32408513357335,63.94671960649973,58.69513703122118
260,GP,F,18,U,GT3,T,4,3,services,other,home,father,1,2,0,no,yes,yes,no,yes,yes,yes,yes,3,1,2,1,3,2,21,17,18,18,B,B,B,76.76533511137737,77.38859815835156,78.50520433483247
261,GP,M,18,U,GT3,T,4,3,teacher,other,course,mother,1,2,0,no,yes,yes,no,no,yes,yes,no,4,3,2,1,1,3,2,8,8,8,C,C,C,63.097154351780986,59.02382632576138,57.29666228940343
262,GP,M,18,R,GT3,T,3,2,other,other,course,mother,1,3,0,no,no,no,yes,no,yes,no,no,5,3,2,1,1,3,1,13,12,12,C,B,B,58.89481552079506,67.51223369674774,69.40502377404776
263,GP,F,17,U,GT3,T,3,3,other,other,home,mother,1,3,0,no,no,no,yes,no,yes,no,no,3,2,3,1,1,4,4,10,9,9,C,C,C,62.11846638053525,63.63810500540668,61.92192462723048
264,GP,F,18,U,GT3,T,2,2,at_home,services,home,mother,1,3,0,no,yes,yes,yes,yes,yes,yes,yes,4,3,3,1,1,3,0,9,10,0,C,C,C,54.4310796215171,54.96127917615212,53.54954226923187
265,GP,M,18,R,LE3,A,3,4,other,other,reputation,mother,2,2,0,no,yes,yes,yes,yes,yes,yes,no,4,2,5,3,4,1,13,17,17,17,B,B,B,75.16683236766852,75.13896630882017,77.24928537820044
266,GP,M,17,U,GT3,T,3,1,services,other,other,mother,1,2,0,no,no,yes,yes,yes,yes,yes,yes,5,4,4,3,4,5,2,9,9,10,C,C,C,57.90199600176458,52.5772498594547,55.78962588276014
267,GP,F,18,R,GT3,T,4,4,teacher,other,reputation,mother,2,2,0,no,no,yes,yes,yes,yes,yes,no,4,3,4,2,2,4,8,12,10,11,C,C,C,64.98351752284036,63.71836442730994,63.320921485878294
268,GP,M,18,U,GT3,T,4,2,health,other,reputation,father,1,2,0,no,yes,yes,yes,yes,yes,yes,yes,5,4,5,1,3,5,10,10,9,10,C,C,C,61.392227492934964,58.81798916740989,60.33018517812821
269,GP,F,18,R,GT3,T,2,1,other,other,reputation,mother,2,2,0,no,yes,no,no,yes,no,yes,yes,4,3,5,1,2,3,0,6,0,0,D,D,D,39.826851443215226,37.19930843464567,37.56907850187084
270,GP,F,19,U,GT3,T,3,3,other,services,home,other,1,2,2,no,yes,yes,yes,yes,yes,yes,no,4,3,5,3,3,5,15,9,9,9,C,C,C,60.135441287181415,53.99511851989992,52.61722548532736
271,GP,F,18,U,GT3,T,2,3,other,services,reputation,father,1,4,0,no,yes,yes,yes,yes,yes,yes,yes,4,5,5,1,3,2,4,15,14,14,B,B,B,74.21478010592237,79.60698104902926,76.6331000475495
272,GP,F,18,U,LE3,T,1,1,other,other,home,mother,2,2,0,no,yes,yes,no,no,yes,no,no,4,4,3,1,1,3,2,11,11,11,C,C,C,55.77887712232289,58.62895371910086,62.80110553980547
273,GP,M,17,R,GT3,T,1,2,at_home,at_home,home,mother,1,2,0,no,yes,yes,yes,no,yes,no,yes,3,5,2,2,2,1,2,15,14,14,C,C,B,61.70905039448446,58.694028125149465,67.21838632108016
274,GP,F,17,U,GT3,T,2,4,at_home,health,reputation,mother,2,2,0,no,yes,yes,no,yes,yes,yes,yes,4,3,3,1,1,1,2,10,10,10,C,C,C,61.16719611431561,63.30398144578041,60.534295577142615
275,GP,F,17,U,LE3,T,2,2,services,other,course,mother,2,2,0,yes,yes,yes,no,yes,yes,yes,yes,4,4,4,2,3,5,6,12,12,12,C,B,B,64.26816191146463,66.10507361080171,65.30436612580272
276,GP,F,18,R,GT3,A,3,2,other,services,home,mother,2,2,0,no,no,no,no,no,no,yes,yes,4,1,1,1,1,5,75,10,9,9,C,D,D,52.47143956151432,46.38950985776435,47.85636488319283
277,GP,M,18,U,GT3,T,4,4,teacher,services,home,mother,2,1,0,no,no,yes,yes,yes,yes,yes,no,3,2,4,1,4,3,22,9,9,9,C,C,C,57.830102968393334,52.14526997312962,52.34876706278821
278,GP,F,18,U,GT3,T,4,4,health,health,reputation,father,1,2,1,yes,yes,no,yes,yes,yes,yes,yes,2,4,4,1,1,4,15,9,8,8,B,C,C,66.39426327699118,60.03937633252455,55.633125617387
279,GP,M,18,U,LE3,T,4,3,teacher,services,course,mother,2,1,0,no,no,yes,yes,yes,yes,yes,no,4,2,3,1,2,1,8,10,11,10,C,C,C,58.50808697558753,51.743847578306294,55.08158377958532
280,GP,M,17,U,LE3,A,4,1,services,other,home,mother,2,1,0,no,no,yes,yes,yes,yes,yes,yes,4,5,4,2,4,5,30,8,8,8,D,D,D,47.973309492160375,43.13388275385051,45.4739739703909
281,GP,M,17,U,LE3,A,3,2,teacher,services,home,mother,1,1,1,no,no,no,no,yes,yes,yes,no,4,4,4,3,4,3,19,11,9,10,C,D,D,51.129520234689714,44.72804185745544,48.956152638684145
282,GP,F,18,R,LE3,T,1,1,at_home,other,reputation,mother,2,4,0,no,yes,yes,yes,yes,yes,no,no,5,2,2,1,1,3,1,12,12,12,B,B,B,68.65052591133113,73.690024757815,73.77921133121403
283,GP,F,18,U,GT3,T,1,1,other,other,home,mother,2,2,0,yes,no,no,yes,yes,yes,yes,no,5,4,4,1,1,4,4,8,9,10,D,C,C,46.409896736803844,53.66329227016589,54.35642564221177
284,GP,F,17,U,GT3,T,2,2,other,other,course,mother,1,2,0,no,yes,no,no,no,yes,yes,no,5,4,5,1,2,5,4,10,9,11,C,C,C,62.66201892051164,59.885045673859295,61.27531420766533
285,GP,M,17,U,GT3,T,1,1,other,other,reputation,father,1,2,0,no,no,yes,no,no,yes,yes,no,4,3,3,1,2,4,2,12,10,11,D,C,C,45.315748243129235,54.36431187002196,57.58732211450534
286,GP,F,18,U,GT3,T,2,2,at_home,at_home,other,mother,1,3,0,no,yes,yes,no,yes,yes,yes,no,4,3,3,1,2,2,5,18,18,19,B,B,A,76.49795661724976,77.96931581240426,83.23501962512866
287,GP,F,17,U,GT3,T,1,1,services,teacher,reputation,mother,1,3,0,no,yes,yes,no,yes,yes,yes,no,4,3,3,1,1,3,6,13,12,12,C,C,B,61.27119624201789,63.06386269324692,68.21669822629306
288,GP,M,18,U,GT3,T,2,1,services,services,reputation,mother,1,3,0,no,no,yes,yes,yes,yes,yes,no,4,2,4,1,3,2,6,15,14,14,C,B,B,64.62788289514404,68.46665234826229,74.23501065369341
289,GP,M,18,U,LE3,A,4,4,teacher,teacher,reputation,mother,1,2,0,no,yes,yes,yes,yes,yes,yes,no,5,4,3,1,1,2,9,15,13,15,B,B,B,75.3876060391582,70.5750992209258,73.75113906478315
290,GP,M,18,U,GT3,T,4,2,teacher,other,home,mother,1,2,0,no,yes,yes,yes,yes,yes,yes,yes,4,3,2,1,4,5,11,12,11,11,C,C,C,64.70751695475197,64.46631944098993,62.90578523924843
291,GP,F,17,U,GT3,T,4,3,health,services,reputation,mother,1,3,0,no,yes,yes,no,yes,yes,yes,no,4,2,2,1,2,3,0,15,15,15,B,B,B,79.39249766335291,78.89434920368373,78.85111344352235
292,GP,F,18,U,LE3,T,2,1,services,at_home,reputation,mother,1,2,1,no,no,no,no,yes,yes,yes,yes,5,4,3,1,1,5,12,12,12,13,C,C,C,51.57739455925236,54.15116483651371,58.36028935865779
293,GP,F,17,R,LE3,T,3,1,services,other,reputation,mother,2,4,0,no,yes,yes,no,yes,yes,no,no,3,1,2,1,1,3,6,18,18,18,A,A,A,83.236908468359,87.03482316221343,92.5989929430832
294,GP,M,18,R,LE3,T,3,2,services,other,reputation,mother,2,3,0,no,yes,yes,yes,yes,yes,yes,no,5,4,2,1,1,4,8,14,13,14,B,B,B,72.38890968265456,73.29739759071403,74.63473113533658
295,GP,M,17,U,GT3,T,3,3,health,other,home,mother,1,1,0,no,yes,yes,no,yes,yes,yes,no,4,4,3,1,3,5,4,14,12,11,C,C,C,60.43466149571933,58.22000315223281,61.80097644928123
296,GP,F,19,U,GT3,T,4,4,health,other,reputation,other,2,2,0,no,yes,yes,yes,yes,yes,yes,no,2,3,4,2,3,2,0,10,9,0,C,C,C,64.63649968858313,58.6186596067285,53.17042518104776
297,GP,F,18,U,LE3,T,4,3,other,other,home,other,2,2,0,no,yes,yes,no,yes,yes,yes,yes,4,4,5,1,2,2,10,10,8,8,C,C,C,64.37308751186895,57.31771205447763,57.62296868477633
298,GP,F,18,U,GT3,T,4,3,other,other,reputation,father,1,4,0,no,yes,yes,no,yes,yes,yes,no,4,3,3,1,1,3,0,14,13,14,A,A,A,85.2946552970974,84.15687121388854,80.61143678126895
299,GP,M,18,U,LE3,T,4,4,teacher,teacher,home,mother,1,1,0,no,yes,yes,no,yes,yes,yes,yes,1,4,2,2,2,1,5,16,15,16,B,B,B,76.13899145964774,70.91362187077547,70.9003676994908
300,GP,F,18,U,LE3,A,4,4,health,other,home,mother,1,2,0,no,yes,no,no,yes,yes,yes,yes,4,2,4,1,1,4,14,12,10,11,B,B,C,68.5992866662432,65.27768131492041,63.43829703561009
301,GP,M,17,U,LE3,T,4,4,other,teacher,home,father,2,1,0,no,no,yes,no,yes,yes,yes,no,4,1,1,2,2,5,0,11,11,10,C,C,C,62.149547399507576,58.10226604448424,56.444166645235235
302,GP,F,17,U,GT3,T,4,2,other,other,reputation,mother,2,3,0,no,yes,yes,no,yes,yes,yes,no,4,3,3,1,1,3,0,15,12,14,B,B,B,76.83073401280816,72.0977728472294,76.21644431545548
303,GP,F,17,U,GT3,T,3,2,health,health,reputation,father,1,4,0,no,yes,yes,yes,no,yes,yes,no,5,2,2,1,2,5,0,17,17,18,A,A,A,85.10092566358365,88.5230540384138,89.20291882871095
304,GP,M,19,U,GT3,T,3,3,other,other,home,other,1,2,1,no,yes,no,yes,yes,yes,yes,yes,4,4,4,1,1,3,20,15,14,13,B,B,B,66.89492343444446,65.03987314646886,67.2535300082965
305,GP,F,18,U,GT3,T,2,4,services,at_home,reputation,other,1,2,1,no,yes,yes,yes,yes,yes,yes,no,4,4,3,1,1,3,8,14,12,12,B,C,C,65.65218942601389,62.43842492670386,63.690753086826376
306,GP,M,20,U,GT3,A,3,2,services,other,course,other,1,1,0,no,no,no,yes,yes,yes,no,no,5,5,3,1,1,5,0,17,18,18,B,B,B,69.88166223947107,68.22301845167378,72.61795278547413
307,GP,M,19,U,GT3,T,4,4,teacher,services,reputation,other,2,1,1,no,yes,yes,no,yes,yes,yes,yes,4,3,4,1,1,4,38,8,9,8,C,D,D,55.93195862468461,49.339699715688674,44.108881768900766
308,GP,M,19,R,GT3,T,3,3,other,services,reputation,father,1,2,1,no,no,no,yes,yes,yes,no,yes,4,5,3,1,2,5,0,15,12,12,B,C,C,65.1802434529251,59.18307740727288,63.99949151205372
309,GP,F,19,U,LE3,T,1,1,at_home,other,reputation,other,1,2,1,yes,yes,no,yes,no,yes,yes,no,4,4,3,1,3,3,18,12,10,10,C,C,C,50.70822804633462,50.72545133037154,58.4713456170728
310,GP,F,19,U,LE3,T,1,2,services,services,home,other,1,2,1,no,no,no,yes,no,yes,no,yes,4,2,4,2,2,3,0,9,9,0,D,D,D,41.03079699193195,42.88701990269128,43.87201516478948
311,GP,F,19,U,GT3,T,2,1,at_home,other,other,other,3,2,0,no,yes,no,no,yes,no,yes,yes,3,4,1,1,1,2,20,14,12,13,C,C,C,60.906619549322805,57.57381871436227,60.56018682518257
312,GP,M,19,U,GT3,T,1,2,other,services,course,other,1,2,1,no,no,no,no,no,yes,yes,no,4,5,2,2,2,4,3,13,11,11,C,C,C,54.1199924853733,57.191039976871956,60.49949754104207
313,GP,F,19,U,LE3,T,3,2,services,other,reputation,other,2,2,1,no,yes,yes,no,no,yes,yes,yes,4,2,2,1,2,1,22,13,10,11,C,C,C,61.001919251291916,53.84178634552288,58.39814243948767
314,GP,F,19,U,GT3,T,1,1,at_home,health,home,other,1,3,2,no,no,no,no,no,yes,yes,yes,4,1,2,1,1,3,14,15,13,13,C,C,C,57.73547121143421,62.489686930128464,64.45797314983746
315,GP,F,19,R,GT3,T,2,3,other,other,reputation,other,1,3,1,no,no,no,no,yes,yes,yes,yes,4,1,2,1,1,3,40,13,11,11,C,C,C,60.97186444279158,61.71638977311492,58.87428089425794
316,GP,F,18,U,GT3,T,2,1,services,other,course,mother,2,2,0,no,yes,yes,yes,yes,yes,yes,no,5,3,3,1,2,1,0,8,8,0,D,D,D,46.97988242823741,45.031573776259215,47.29416085759385
317,GP,F,18,U,GT3,T,4,3,other,other,course,mother,1,3,0,no,yes,yes,yes,yes,yes,yes,yes,4,3,4,1,1,5,9,9,10,9,B,B,C,69.38118794722604,66.40451666509178,62.89568310685241
318,GP,F,17,R,GT3,T,3,4,at_home,services,course,father,1,3,0,no,yes,yes,yes,no,yes,yes,no,4,3,4,2,5,5,0,11,11,10,B,B,B,73.7354158812211,71.37327222870414,67.43934655895629
319,GP,F,18,U,GT3,T,4,4,teacher,other,course,mother,1,2,0,no,yes,yes,no,yes,yes,yes,no,4,4,4,3,3,5,2,11,11,11,B,B,B,71.29561010601627,66.7956983370858,67.6990040200475
320,GP,F,17,U,GT3,A,4,3,services,services,course,mother,1,2,0,no,yes,yes,no,yes,yes,yes,yes,5,2,2,1,2,5,23,13,13,13,B,B,B,70.88361894473987,69.84773279629111,67.11048177519908
321,GP,F,17,U,GT3,T,2,2,other,other,course,mother,1,2,0,no,yes,no,no,yes,yes,no,yes,4,2,2,1,1,3,12,11,9,9,C,C,C,57.33869901520519,55.954261748936986,58.043891245253455
322,GP,F,17,R,LE3,T,2,2,services,services,course,mother,1,3,0,no,yes,yes,yes,yes,yes,yes,no,3,3,2,2,2,3,3,11,11,11,C,B,B,62.01089990481955,65.85705513582698,68.5470370799041
323,GP,F,17,U,GT3,T,3,1,services,services,course,father,1,3,0,no,yes,no,no,no,yes,yes,no,3,4,3,2,3,5,1,12,14,15,B,B,B,74.4914520601814,70.75825944654002,75.40750132658256
324,GP,F,17,U,LE3,T,0,2,at_home,at_home,home,father,2,3,0,no,no,no,no,yes,yes,yes,no,3,3,3,2,3,2,0,16,15,15,C,B,B,60.42245654625074,67.88610875255786,74.60062835771537
325,GP,M,18,U,GT3,T,4,4,other,other,course,mother,1,3,0,no,no,no,yes,yes,yes,yes,no,4,3,3,2,2,3,3,9,12,11,B,B,B,70.7584800809339,70.87205515068736,67.41437698757031
326,GP,M,17,U,GT3,T,3,3,other,services,reputation,mother,1,1,0,no,no,no,yes,no,yes,yes,no,4,3,5,3,5,5,3,14,15,16,B,C,B,67.9642287966534,59.18611482758997,69.97205886172839
327,GP,M,17,R,GT3,T,2,2,services,other,course,mother,4,1,0,no,yes,no,no,yes,yes,yes,no,4,4,5,5,5,4,8,11,10,10,C,D,C,54.40052770264928,48.537500123530506,54.85039976143887
328,GP,F,17,U,GT3,T,4,4,teacher,services,course,mother,1,3,0,no,yes,yes,yes,yes,yes,yes,no,5,4,4,1,3,4,7,10,9,9,B,B,B,74.79618663940458,70.78491528481962,65.32449803243804
329,GP,F,17,U,GT3,T,4,4,teacher,teacher,course,mother,2,3,0,no,yes,yes,no,no,yes,yes,yes,4,3,3,1,2,4,4,14,14,14,A,B,B,83.31279925703167,79.33366636012686,78.73189557250605
330,GP,M,18,U,LE3,T,2,2,other,other,course,mother,1,4,0,no,yes,no,yes,yes,yes,yes,no,4,5,5,2,4,5,2,9,8,8,C,B,B,64.2778508098182,66.00300106923012,67.1112458886843
331,GP,F,17,R,GT3,T,2,4,at_home,other,course,father,1,3,0,no,yes,no,no,yes,yes,yes,yes,4,4,3,1,1,5,7,12,14,14,B,B,B,72.18025116805961,74.08525496290498,76.17839492070617
332,GP,F,18,U,GT3,T,3,3,services,services,home,mother,1,2,0,no,no,no,yes,yes,yes,yes,no,5,3,4,1,1,4,0,7,0,0,D,D,D,47.00201139548432,42.94516341072334,39.08309533304378
333,GP,F,18,U,LE3,T,2,2,other,other,home,other,1,2,0,no,no,no,yes,no,yes,yes,yes,4,3,3,1,1,2,0,8,8,0,D,D,D,44.207095721219716,43.520480639381276,42.78549263090427
334,GP,F,18,R,GT3,T,2,2,at_home,other,course,mother,2,4,0,no,no,no,yes,yes,yes,no,no,4,4,4,1,1,4,0,10,9,0,C,C,C,59.82529933354438,57.24339054919538,59.07514729845165
335,GP,F,17,U,GT3,T,3,4,services,other,course,mother,1,3,0,no,no,no,no,yes,yes,yes,no,4,4,5,1,3,5,16,16,15,15,B,B,B,77.16259848172852,76.73443244567923,74.40413782445046
336,GP,F,19,R,GT3,A,3,1,services,at_home,home,other,1,3,1,no,no,yes,no,yes,yes,no,no,5,4,3,1,2,5,12,14,13,13,C,C,B,60.599563459631625,62.76906089638283,67.04669513334242
337,GP,F,17,U,GT3,T,3,2,other,other,home,mother,1,2,0,no,yes,yes,no,yes,yes,yes,yes,4,3,2,2,3,2,0,7,8,0,C,D,D,50.28403539586751,49.291505511428944,45.86858622497096
338,GP,F,18,U,LE3,T,3,3,services,services,home,mother,1,4,0,no,yes,no,no,yes,yes,yes,no,5,3,3,1,1,1,7,16,15,17,A,A,A,84.91821573246325,81.99321988829851,85.67664194247611
339,GP,F,17,R,GT3,A,3,2,other,other,home,mother,1,2,0,no,yes,yes,no,yes,yes,yes,no,4,3,3,2,3,2,4,9,10,10,C,C,C,58.52012410186103,60.675246758522256,60.14905759394984
340,GP,F,19,U,GT3,T,2,1,services,services,home,other,1,3,1,no,no,yes,yes,yes,yes,yes,yes,4,3,4,1,3,3,4,11,12,11,C,C,C,54.67388449495488,60.51213044869706,62.38794980167003
341,GP,M,18,U,GT3,T,4,4,teacher,services,home,father,1,2,1,no,yes,no,yes,yes,yes,yes,no,4,3,3,2,2,2,0,10,10,0,C,C,C,61.35921802872978,55.262059468627754,50.132881131352924
342,GP,M,18,U,LE3,T,3,4,services,other,home,mother,1,2,0,no,no,no,yes,yes,yes,yes,yes,4,3,3,1,3,5,11,16,15,15,B,B,B,73.46523900841697,72.3807045485362,73.97433034444819
343,GP,F,17,U,GT3,A,2,2,at_home,at_home,home,father,1,2,1,no,yes,no,no,yes,yes,yes,yes,3,3,1,1,2,4,0,9,8,0,D,D,D,45.32014206157218,48.68094888892516,45.30530145227097
344,GP,F,18,U,GT3,T,2,3,at_home,other,course,mother,1,3,0,no,yes,no,no,yes,yes,yes,no,4,3,3,1,2,3,4,11,10,10,C,B,B,64.62683971982517,67.89567561390723,65.53967902555866
345,GP,F,18,U,GT3,T,3,2,other,services,other,mother,1,3,0,no,no,no,no,yes,yes,yes,yes,5,4,3,2,3,1,7,13,13,14,B,B,B,69.20351194016828,65.7916386341109,72.46898021479814
346,GP,M,18,R,GT3,T,4,3,teacher,services,course,mother,1,3,0,no,no,no,no,yes,yes,yes,yes,5,3,2,1,2,4,9,16,15,16,B,B,B,75.06164398496637,75.03520090523827,79.51001218499985
347,GP,M,18,U,GT3,T,4,3,teacher,other,course,mother,1,3,0,no,yes,yes,no,yes,yes,yes,yes,5,4,5,2,3,5,0,10,10,9,B,B,C,67.65634056405861,67.32536284460865,64.03358827729451
348,GP,F,17,U,GT3,T,4,3,health,other,reputation,mother,1,3,0,no,yes,yes,yes,yes,yes,yes,yes,4,4,3,1,3,4,0,13,15,15,B,B,B,77.95388944686891,78.42718210042166,79.02110010477479
349,MS,M,18,R,GT3,T,3,2,other,other,course,mother,2,1,1,no,yes,no,no,no,yes,yes,no,2,5,5,5,5,5,10,11,13,13,C,C,C,56.571220830397806,56.26515675061567,59.066544059702906
350,MS,M,19,R,GT3,T,1,1,other,services,home,other,3,2,3,no,no,no,no,yes,yes,yes,no,5,4,4,3,3,2,8,8,7,8,D,D,D,38.14863988173694,37.832383341435005,40.24048270194926
351,MS,M,17,U,GT3,T,3,3,health,other,course,mother,2,2,0,no,yes,yes,no,yes,yes,yes,no,4,5,4,2,3,3,2,13,13,13,B,B,B,72.55935828430937,67.49450127088964,70.64151720921474
352,MS,M,18,U,LE3,T,1,3,at_home,services,course,mother,1,1,1,no,no,no,no,yes,no,yes,yes,4,3,3,2,3,3,7,8,7,8,D,D,D,45.330036154779236,39.83762123206755,42.7977660818168
353,MS,M,19,R,GT3,T,1,1,other,other,home,other,3,1,1,no,yes,no,no,yes,yes,yes,no,4,4,4,3,3,5,4,8,8,8,D,D,D,39.8420891589624,39.76889987788707,45.59427865870194
354,MS,M,17,R,GT3,T,4,3,services,other,home,mother,2,2,0,no,yes,yes,yes,no,yes,yes,yes,4,5,5,1,3,2,4,13,11,11,B,C,B,69.19439496411425,63.05361329017453,65.02130624206882
355,MS,F,18,U,GT3,T,3,3,services,services,course,father,1,2,0,no,yes,no,no,yes,yes,no,yes,5,3,4,1,1,5,0,10,9,9,C,C,C,59.93117658840548,57.90353350777819,59.3983685713722
356,MS,F,17,R,GT3,T,4,4,teacher,services,other,father,2,2,0,no,yes,yes,yes,yes,yes,yes,no,4,3,3,1,2,5,4,12,13,13,B,B,B,74.50815264389,67.5385662726383,67.38650134815182
357,MS,F,17,U,LE3,A,3,2,services,other,reputation,mother,2,2,0,no,no,no,no,yes,yes,no,yes,1,2,3,1,2,5,2,12,12,11,C,C,C,60.074321144635135,57.994221235980824,59.79288066535587
358,MS,M,18,U,LE3,T,1,1,other,services,home,father,2,1,0,no,no,no,no,no,yes,yes,yes,3,3,2,1,2,3,4,10,10,10,D,D,C,44.29873188471619,46.849219077086644,53.29767157333208
359,MS,F,18,U,LE3,T,1,1,at_home,services,course,father,2,3,0,no,no,no,no,yes,yes,yes,no,5,3,2,1,1,4,0,18,16,16,C,B,B,63.05692264111919,68.60120222233611,76.2295579775225
360,MS,F,18,R,LE3,A,1,4,at_home,other,course,mother,3,2,0,no,no,no,no,yes,yes,no,yes,4,3,4,1,4,5,0,13,13,13,C,B,C,64.67336628560292,68.13976412967479,64.13791147581554
361,MS,M,18,R,LE3,T,1,1,at_home,other,other,mother,2,2,1,no,no,no,yes,no,no,no,no,4,4,3,2,3,5,2,13,12,12,C,C,C,54.14031502444193,54.357603543697266,55.47287181884174
362,MS,F,18,U,GT3,T,3,3,services,services,other,mother,2,2,0,no,yes,no,no,yes,yes,yes,yes,4,3,2,1,3,3,0,11,11,10,C,C,C,64.52809962885786,62.819672247389754,61.79155737846575
363,MS,F,17,U,LE3,T,4,4,at_home,at_home,course,mother,1,2,0,no,yes,yes,yes,yes,yes,yes,yes,2,3,4,1,1,1,0,16,15,15,A,B,B,80.19177930524735,73.78328443963757,73.64036530988875
364,MS,F,17,R,GT3,T,1,2,other,services,course,father,2,2,0,no,no,no,no,no,yes,no,no,3,2,2,1,2,3,0,12,11,12,C,C,C,56.487859979277786,57.82561975881798,63.46302274020455
365,MS,M,18,R,GT3,T,1,3,at_home,other,course,mother,2,2,0,no,yes,yes,no,yes,yes,no,no,3,3,4,2,4,3,4,10,10,10,C,C,C,56.23888430415638,56.09065983139542,61.17063961250857
366,MS,M,18,U,LE3,T,4,4,teacher,services,other,mother,2,3,0,no,no,yes,no,yes,yes,yes,yes,4,2,2,2,2,5,0,13,13,13,B,B,B,78.31023120452605,74.99401962929072,71.46777448223341
367,MS,F,17,R,GT3,T,1,1,other,services,reputation,mother,3,1,1,no,yes,yes,no,yes,yes,yes,yes,5,2,1,1,2,1,0,7,6,0,F,D,D,33.26898100195449,38.070169076537596,38.753653708016465
368,MS,F,18,U,GT3,T,2,3,at_home,services,course,father,2,1,0,no,yes,yes,no,yes,yes,yes,yes,5,2,3,1,2,4,0,11,10,10,C,C,C,56.30669024637208,53.4328802005507,57.722648230487394
369,MS,F,18,R,GT3,T,4,4,other,teacher,other,father,3,2,0,no,yes,yes,no,no,yes,yes,yes,3,2,2,4,2,5,10,14,12,11,B,B,B,71.09731425003875,70.85338536224877,66.40253787097363
370,MS,F,19,U,LE3,T,3,2,services,services,home,other,2,2,2,no,no,no,yes,yes,yes,no,yes,3,2,2,1,1,3,4,7,7,9,D,D,D,49.57821091951833,46.31058263361919,42.53180540618426
371,MS,M,18,R,LE3,T,1,2,at_home,services,other,father,3,1,0,no,yes,yes,yes,yes,no,yes,yes,4,3,3,2,3,3,3,14,12,12,C,C,C,54.801447341016846,54.1114746319093,63.80334934275709
372,MS,F,17,U,GT3,T,2,2,other,at_home,home,mother,1,3,0,no,no,no,yes,yes,yes,no,yes,3,4,3,1,1,3,8,13,11,11,B,B,C,65.73672998722954,67.27547223901296,63.477469256843854
373,MS,F,17,R,GT3,T,1,2,other,other,course,mother,1,1,0,no,no,no,yes,yes,yes,yes,no,3,5,5,1,3,1,14,6,5,5,D,D,D,40.057451258761404,35.21784007797285,36.32760080429585
374,MS,F,18,R,LE3,T,4,4,other,other,reputation,mother,2,3,0,no,no,no,no,yes,yes,yes,no,5,4,4,1,1,1,0,19,18,19,A,A,A,93.02045614377889,89.67489711599387,88.15885564801447
375,MS,F,18,R,GT3,T,1,1,other,other,home,mother,4,3,0,no,no,no,no,yes,yes,yes,no,4,3,2,1,2,4,2,8,8,10,D,C,C,49.60259883471537,56.38647161284645,61.73758559875622
376,MS,F,20,U,GT3,T,4,2,health,other,course,other,2,3,2,no,yes,yes,no,no,yes,yes,yes,5,4,3,1,1,3,4,15,14,15,B,B,B,74.31023707567266,70.91700193208243,73.6073232062604
377,MS,F,18,R,LE3,T,4,4,teacher,services,course,mother,1,2,0,no,no,yes,yes,yes,yes,yes,no,5,4,3,3,4,2,4,8,9,10,B,C,C,66.21279049821685,61.806750961982004,58.37677765857316
378,MS,F,18,U,GT3,T,3,3,other,other,home,mother,1,2,0,no,no,yes,no,yes,yes,yes,yes,4,1,3,1,2,1,0,15,15,15,B,B,B,75.47450733304419,70.69510889925346,72.14213151249793
379,MS,F,17,R,GT3,T,3,1,at_home,other,reputation,mother,1,2,0,no,yes,yes,yes,no,yes,yes,no,4,5,4,2,3,1,17,10,10,10,C,C,C,54.382480093063734,57.64684573088601,59.817757746772614
380,MS,M,18,U,GT3,T,4,4,teacher,teacher,home,father,1,2,0,no,no,yes,yes,no,yes,yes,no,3,2,4,1,4,2,4,15,14,14,B,B,B,72.58013087841904,67.60148604409007,71.41930686317477
381,MS,M,18,R,GT3,T,2,1,other,other,other,mother,2,1,0,no,no,no,yes,no,yes,yes,yes,4,4,3,1,3,5,5,7,6,7,D,D,D,39.191437741228654,38.39814500318897,43.49167960907234
382,MS,M,17,U,GT3,T,2,3,other,services,home,father,2,2,0,no,no,no,yes,yes,yes,yes,no,4,4,3,1,1,3,2,11,11,10,C,C,C,53.73622843116097,57.45093047083248,59.609258645175125
383,MS,M,19,R,GT3,T,1,1,other,services,other,mother,2,1,1,no,no,no,no,yes,yes,no,no,4,3,2,1,3,5,0,6,5,0,F,F,F,28.373112445798096,29.101133141799906,31.281110308150716
384,MS,M,18,R,GT3,T,4,2,other,other,home,father,2,1,1,no,no,yes,no,yes,yes,no,no,5,4,3,4,3,3,14,6,5,5,D,D,D,42.88644253966414,41.08811838864974,36.53975204143117
385,MS,F,18,R,GT3,T,2,2,at_home,other,other,mother,2,3,0,no,no,yes,no,yes,yes,no,no,5,3,3,1,3,4,2,10,9,10,C,C,C,59.63445220812601,60.77636974380199,61.03194437394715
386,MS,F,18,R,GT3,T,4,4,teacher,at_home,reputation,mother,3,1,0,no,yes,yes,yes,yes,yes,yes,yes,4,4,3,2,2,5,7,6,5,6,C,D,D,57.79027703621709,46.92769837935399,43.48341424107252
387,MS,F,19,R,GT3,T,2,3,services,other,course,mother,1,3,1,no,no,no,yes,no,yes,yes,no,5,4,2,1,2,5,0,7,5,0,C,D,D,54.19042709803971,48.63539570201193,43.727490559807876
388,MS,F,18,U,LE3,T,3,1,teacher,services,course,mother,1,2,0,no,yes,yes,no,yes,yes,yes,no,4,3,4,1,1,1,0,7,9,8,C,C,C,56.55105959546512,54.92117149056765,53.76711333927362
389,MS,F,18,U,GT3,T,1,1,other,other,course,mother,2,2,1,no,no,no,yes,yes,yes,no,no,1,1,1,1,1,5,0,6,5,0,F,D,F,33.24524086084399,36.61958089586208,34.71961602417635
390,MS,M,20,U,LE3,A,2,2,services,services,course,other,1,2,2,no,yes,yes,no,yes,yes,no,no,5,5,4,4,5,4,11,9,9,9,D,C,C,48.29428590227427,52.4518840317544,50.82360466759043
391,MS,M,17,U,LE3,T,3,1,services,services,course,mother,2,1,0,no,no,no,no,no,yes,yes,no,2,4,5,3,4,2,3,14,16,16,C,C,B,60.66124954166949,61.22429592200103,68.07993891338788
392,MS,M,21,R,GT3,T,1,1,other,other,course,other,1,1,3,no,no,no,no,no,yes,no,no,5,5,3,3,3,3,3,10,8,7,F,D,D,30.180868595351615,35.1748117713601,38.619410392874435
393,MS,M,18,R,LE3,T,3,2,services,other,course,mother,3,1,0,no,no,no,no,no,yes,yes,no,4,4,1,3,4,5,0,11,12,10,C,C,C,59.36614691463588,52.384668577082714,53.14424909456523
394,MS,M,19,U,LE3,T,1,1,other,at_home,course,father,1,1,0,no,no,no,no,yes,yes,yes,no,3,2,3,3,3,5,5,8,9,9,D,D,D,44.18851965664192,38.85549748780672,46.210450268262775
